symbol,name,reference,footprint,description,keywords,1,2,value,tolerance,voltage
capacitor,capacitor_100pF_10_chip_capacitor_101V,C,chip_capacitor_101,Capacitor 100pF 5% 10V,"capacitor,smd",1,2,100pF,5%,10V
capacitor,capacitor_100pF_10_chip_capacitor_201V,C,chip_capacitor_201,Capacitor 100pF 5% 10V,"capacitor,smd",1,2,100pF,5%,10V
capacitor,capacitor_100pF_16_chip_capacitor_201V,C,chip_capacitor_201,Capacitor 100pF 5% 16V,"capacitor,smd",1,2,100pF,5%,16V
capacitor,capacitor_100pF_25_chip_capacitor_201V,C,chip_capacitor_201,Capacitor 100pF 5% 25V,"capacitor,smd",1,2,100pF,5%,25V
capacitor,capacitor_100pF_50_chip_capacitor_201V,C,chip_capacitor_201,Capacitor 100pF 5% 50V,"capacitor,smd",1,2,100pF,5%,50V
capacitor,capacitor_100pF_16_chip_capacitor_402V,C,chip_capacitor_402,Capacitor 100pF 5% 16V,"capacitor,smd",1,2,100pF,5%,16V
capacitor,capacitor_100pF_25_chip_capacitor_402V,C,chip_capacitor_402,Capacitor 100pF 5% 25V,"capacitor,smd",1,2,100pF,5%,25V
capacitor,capacitor_100pF_50_chip_capacitor_603V,C,chip_capacitor_603,Capacitor 100pF 5% 50V,"capacitor,smd",1,2,100pF,5%,50V
capacitor,capacitor_100pF_100_chip_capacitor_603V,C,chip_capacitor_603,Capacitor 100pF 5% 100V,"capacitor,smd",1,2,100pF,5%,100V
capacitor,capacitor_100pF_200_chip_capacitor_603V,C,chip_capacitor_603,Capacitor 100pF 5% 200V,"capacitor,smd",1,2,100pF,5%,200V
capacitor,capacitor_150pF_10_chip_capacitor_101V,C,chip_capacitor_101,Capacitor 150pF 5% 10V,"capacitor,smd",1,2,150pF,5%,10V
capacitor,capacitor_150pF_10_chip_capacitor_201V,C,chip_capacitor_201,Capacitor 150pF 5% 10V,"capacitor,smd",1,2,150pF,5%,10V
capacitor,capacitor_150pF_16_chip_capacitor_201V,C,chip_capacitor_201,Capacitor 150pF 5% 16V,"capacitor,smd",1,2,150pF,5%,16V
capacitor,capacitor_150pF_25_chip_capacitor_201V,C,chip_capacitor_201,Capacitor 150pF 5% 25V,"capacitor,smd",1,2,150pF,5%,25V
capacitor,capacitor_150pF_50_chip_capacitor_201V,C,chip_capacitor_201,Capacitor 150pF 5% 50V,"capacitor,smd",1,2,150pF,5%,50V
capacitor,capacitor_150pF_16_chip_capacitor_402V,C,chip_capacitor_402,Capacitor 150pF 5% 16V,"capacitor,smd",1,2,150pF,5%,16V
capacitor,capacitor_150pF_25_chip_capacitor_402V,C,chip_capacitor_402,Capacitor 150pF 5% 25V,"capacitor,smd",1,2,150pF,5%,25V
capacitor,capacitor_150pF_50_chip_capacitor_603V,C,chip_capacitor_603,Capacitor 150pF 5% 50V,"capacitor,smd",1,2,150pF,5%,50V
capacitor,capacitor_150pF_100_chip_capacitor_603V,C,chip_capacitor_603,Capacitor 150pF 5% 100V,"capacitor,smd",1,2,150pF,5%,100V
capacitor,capacitor_150pF_200_chip_capacitor_603V,C,chip_capacitor_603,Capacitor 150pF 5% 200V,"capacitor,smd",1,2,150pF,5%,200V
capacitor,capacitor_220pF_10_chip_capacitor_101V,C,chip_capacitor_101,Capacitor 220pF 5% 10V,"capacitor,smd",1,2,220pF,5%,10V
capacitor,capacitor_220pF_10_chip_capacitor_201V,C,chip_capacitor_201,Capacitor 220pF 5% 10V,"capacitor,smd",1,2,220pF,5%,10V
capacitor,capacitor_220pF_16_chip_capacitor_201V,C,chip_capacitor_201,Capacitor 220pF 5% 16V,"capacitor,smd",1,2,220pF,5%,16V
capacitor,capacitor_220pF_25_chip_capacitor_201V,C,chip_capacitor_201,Capacitor 220pF 5% 25V,"capacitor,smd",1,2,220pF,5%,25V
capacitor,capacitor_220pF_50_chip_capacitor_201V,C,chip_capacitor_201,Capacitor 220pF 5% 50V,"capacitor,smd",1,2,220pF,5%,50V
capacitor,capacitor_220pF_16_chip_capacitor_402V,C,chip_capacitor_402,Capacitor 220pF 5% 16V,"capacitor,smd",1,2,220pF,5%,16V
capacitor,capacitor_220pF_25_chip_capacitor_402V,C,chip_capacitor_402,Capacitor 220pF 5% 25V,"capacitor,smd",1,2,220pF,5%,25V
capacitor,capacitor_220pF_50_chip_capacitor_603V,C,chip_capacitor_603,Capacitor 220pF 5% 50V,"capacitor,smd",1,2,220pF,5%,50V
capacitor,capacitor_220pF_100_chip_capacitor_603V,C,chip_capacitor_603,Capacitor 220pF 5% 100V,"capacitor,smd",1,2,220pF,5%,100V
capacitor,capacitor_220pF_200_chip_capacitor_603V,C,chip_capacitor_603,Capacitor 220pF 5% 200V,"capacitor,smd",1,2,220pF,5%,200V
capacitor,capacitor_330pF_10_chip_capacitor_101V,C,chip_capacitor_101,Capacitor 330pF 5% 10V,"capacitor,smd",1,2,330pF,5%,10V
capacitor,capacitor_330pF_10_chip_capacitor_201V,C,chip_capacitor_201,Capacitor 330pF 5% 10V,"capacitor,smd",1,2,330pF,5%,10V
capacitor,capacitor_330pF_16_chip_capacitor_201V,C,chip_capacitor_201,Capacitor 330pF 5% 16V,"capacitor,smd",1,2,330pF,5%,16V
capacitor,capacitor_330pF_25_chip_capacitor_201V,C,chip_capacitor_201,Capacitor 330pF 5% 25V,"capacitor,smd",1,2,330pF,5%,25V
capacitor,capacitor_330pF_50_chip_capacitor_201V,C,chip_capacitor_201,Capacitor 330pF 5% 50V,"capacitor,smd",1,2,330pF,5%,50V
capacitor,capacitor_330pF_16_chip_capacitor_402V,C,chip_capacitor_402,Capacitor 330pF 5% 16V,"capacitor,smd",1,2,330pF,5%,16V
capacitor,capacitor_330pF_25_chip_capacitor_402V,C,chip_capacitor_402,Capacitor 330pF 5% 25V,"capacitor,smd",1,2,330pF,5%,25V
capacitor,capacitor_330pF_50_chip_capacitor_603V,C,chip_capacitor_603,Capacitor 330pF 5% 50V,"capacitor,smd",1,2,330pF,5%,50V
capacitor,capacitor_330pF_100_chip_capacitor_603V,C,chip_capacitor_603,Capacitor 330pF 5% 100V,"capacitor,smd",1,2,330pF,5%,100V
capacitor,capacitor_330pF_200_chip_capacitor_603V,C,chip_capacitor_603,Capacitor 330pF 5% 200V,"capacitor,smd",1,2,330pF,5%,200V
capacitor,capacitor_330pF_10_chip_capacitor_805V,C,chip_capacitor_805,Capacitor 330pF 5% 10V,"capacitor,smd",1,2,330pF,5%,10V
capacitor,capacitor_330pF_16_chip_capacitor_805V,C,chip_capacitor_805,Capacitor 330pF 5% 16V,"capacitor,smd",1,2,330pF,5%,16V
capacitor,capacitor_330pF_25_chip_capacitor_805V,C,chip_capacitor_805,Capacitor 330pF 5% 25V,"capacitor,smd",1,2,330pF,5%,25V
capacitor,capacitor_330pF_50_chip_capacitor_805V,C,chip_capacitor_805,Capacitor 330pF 5% 50V,"capacitor,smd",1,2,330pF,5%,50V
capacitor,capacitor_330pF_100_chip_capacitor_805V,C,chip_capacitor_805,Capacitor 330pF 5% 100V,"capacitor,smd",1,2,330pF,5%,100V
capacitor,capacitor_330pF_200_chip_capacitor_805V,C,chip_capacitor_805,Capacitor 330pF 5% 200V,"capacitor,smd",1,2,330pF,5%,200V
capacitor,capacitor_330pF_500_chip_capacitor_1206V,C,chip_capacitor_1206,Capacitor 330pF 5% 500V,"capacitor,smd",1,2,330pF,5%,500V
capacitor,capacitor_470pF_10_chip_capacitor_101V,C,chip_capacitor_101,Capacitor 470pF 5% 10V,"capacitor,smd",1,2,470pF,5%,10V
capacitor,capacitor_470pF_10_chip_capacitor_201V,C,chip_capacitor_201,Capacitor 470pF 5% 10V,"capacitor,smd",1,2,470pF,5%,10V
capacitor,capacitor_470pF_16_chip_capacitor_201V,C,chip_capacitor_201,Capacitor 470pF 5% 16V,"capacitor,smd",1,2,470pF,5%,16V
capacitor,capacitor_470pF_25_chip_capacitor_201V,C,chip_capacitor_201,Capacitor 470pF 5% 25V,"capacitor,smd",1,2,470pF,5%,25V
capacitor,capacitor_470pF_50_chip_capacitor_201V,C,chip_capacitor_201,Capacitor 470pF 5% 50V,"capacitor,smd",1,2,470pF,5%,50V
capacitor,capacitor_470pF_16_chip_capacitor_402V,C,chip_capacitor_402,Capacitor 470pF 5% 16V,"capacitor,smd",1,2,470pF,5%,16V
capacitor,capacitor_470pF_25_chip_capacitor_402V,C,chip_capacitor_402,Capacitor 470pF 5% 25V,"capacitor,smd",1,2,470pF,5%,25V
capacitor,capacitor_470pF_50_chip_capacitor_603V,C,chip_capacitor_603,Capacitor 470pF 5% 50V,"capacitor,smd",1,2,470pF,5%,50V
capacitor,capacitor_470pF_100_chip_capacitor_603V,C,chip_capacitor_603,Capacitor 470pF 5% 100V,"capacitor,smd",1,2,470pF,5%,100V
capacitor,capacitor_470pF_200_chip_capacitor_603V,C,chip_capacitor_603,Capacitor 470pF 5% 200V,"capacitor,smd",1,2,470pF,5%,200V
capacitor,capacitor_470pF_10_chip_capacitor_805V,C,chip_capacitor_805,Capacitor 470pF 5% 10V,"capacitor,smd",1,2,470pF,5%,10V
capacitor,capacitor_470pF_16_chip_capacitor_805V,C,chip_capacitor_805,Capacitor 470pF 5% 16V,"capacitor,smd",1,2,470pF,5%,16V
capacitor,capacitor_470pF_25_chip_capacitor_805V,C,chip_capacitor_805,Capacitor 470pF 5% 25V,"capacitor,smd",1,2,470pF,5%,25V
capacitor,capacitor_470pF_50_chip_capacitor_805V,C,chip_capacitor_805,Capacitor 470pF 5% 50V,"capacitor,smd",1,2,470pF,5%,50V
capacitor,capacitor_470pF_100_chip_capacitor_805V,C,chip_capacitor_805,Capacitor 470pF 5% 100V,"capacitor,smd",1,2,470pF,5%,100V
capacitor,capacitor_470pF_200_chip_capacitor_805V,C,chip_capacitor_805,Capacitor 470pF 5% 200V,"capacitor,smd",1,2,470pF,5%,200V
capacitor,capacitor_470pF_500_chip_capacitor_1206V,C,chip_capacitor_1206,Capacitor 470pF 5% 500V,"capacitor,smd",1,2,470pF,5%,500V
capacitor,capacitor_680pF_10_chip_capacitor_101V,C,chip_capacitor_101,Capacitor 680pF 5% 10V,"capacitor,smd",1,2,680pF,5%,10V
capacitor,capacitor_680pF_10_chip_capacitor_201V,C,chip_capacitor_201,Capacitor 680pF 5% 10V,"capacitor,smd",1,2,680pF,5%,10V
capacitor,capacitor_680pF_16_chip_capacitor_201V,C,chip_capacitor_201,Capacitor 680pF 5% 16V,"capacitor,smd",1,2,680pF,5%,16V
capacitor,capacitor_680pF_25_chip_capacitor_201V,C,chip_capacitor_201,Capacitor 680pF 5% 25V,"capacitor,smd",1,2,680pF,5%,25V
capacitor,capacitor_680pF_16_chip_capacitor_402V,C,chip_capacitor_402,Capacitor 680pF 5% 16V,"capacitor,smd",1,2,680pF,5%,16V
capacitor,capacitor_680pF_25_chip_capacitor_402V,C,chip_capacitor_402,Capacitor 680pF 5% 25V,"capacitor,smd",1,2,680pF,5%,25V
capacitor,capacitor_680pF_50_chip_capacitor_603V,C,chip_capacitor_603,Capacitor 680pF 5% 50V,"capacitor,smd",1,2,680pF,5%,50V
capacitor,capacitor_680pF_100_chip_capacitor_603V,C,chip_capacitor_603,Capacitor 680pF 5% 100V,"capacitor,smd",1,2,680pF,5%,100V
capacitor,capacitor_680pF_200_chip_capacitor_603V,C,chip_capacitor_603,Capacitor 680pF 5% 200V,"capacitor,smd",1,2,680pF,5%,200V
capacitor,capacitor_680pF_10_chip_capacitor_805V,C,chip_capacitor_805,Capacitor 680pF 5% 10V,"capacitor,smd",1,2,680pF,5%,10V
capacitor,capacitor_680pF_16_chip_capacitor_805V,C,chip_capacitor_805,Capacitor 680pF 5% 16V,"capacitor,smd",1,2,680pF,5%,16V
capacitor,capacitor_680pF_25_chip_capacitor_805V,C,chip_capacitor_805,Capacitor 680pF 5% 25V,"capacitor,smd",1,2,680pF,5%,25V
capacitor,capacitor_680pF_50_chip_capacitor_805V,C,chip_capacitor_805,Capacitor 680pF 5% 50V,"capacitor,smd",1,2,680pF,5%,50V
capacitor,capacitor_680pF_100_chip_capacitor_805V,C,chip_capacitor_805,Capacitor 680pF 5% 100V,"capacitor,smd",1,2,680pF,5%,100V
capacitor,capacitor_680pF_200_chip_capacitor_805V,C,chip_capacitor_805,Capacitor 680pF 5% 200V,"capacitor,smd",1,2,680pF,5%,200V
capacitor,capacitor_680pF_500_chip_capacitor_1206V,C,chip_capacitor_1206,Capacitor 680pF 5% 500V,"capacitor,smd",1,2,680pF,5%,500V
capacitor,capacitor_1000pF_10_chip_capacitor_101V,C,chip_capacitor_101,Capacitor 1000pF 5% 10V,"capacitor,smd",1,2,1000pF,5%,10V
capacitor,capacitor_1000pF_10_chip_capacitor_201V,C,chip_capacitor_201,Capacitor 1000pF 5% 10V,"capacitor,smd",1,2,1000pF,5%,10V
capacitor,capacitor_1000pF_16_chip_capacitor_201V,C,chip_capacitor_201,Capacitor 1000pF 5% 16V,"capacitor,smd",1,2,1000pF,5%,16V
capacitor,capacitor_1000pF_25_chip_capacitor_201V,C,chip_capacitor_201,Capacitor 1000pF 5% 25V,"capacitor,smd",1,2,1000pF,5%,25V
capacitor,capacitor_1000pF_10_chip_capacitor_402V,C,chip_capacitor_402,Capacitor 1000pF 5% 10V,"capacitor,smd",1,2,1000pF,5%,10V
capacitor,capacitor_1000pF_16_chip_capacitor_402V,C,chip_capacitor_402,Capacitor 1000pF 5% 16V,"capacitor,smd",1,2,1000pF,5%,16V
capacitor,capacitor_1000pF_25_chip_capacitor_402V,C,chip_capacitor_402,Capacitor 1000pF 5% 25V,"capacitor,smd",1,2,1000pF,5%,25V
capacitor,capacitor_1000pF_50_chip_capacitor_603V,C,chip_capacitor_603,Capacitor 1000pF 5% 50V,"capacitor,smd",1,2,1000pF,5%,50V
capacitor,capacitor_1000pF_100_chip_capacitor_603V,C,chip_capacitor_603,Capacitor 1000pF 5% 100V,"capacitor,smd",1,2,1000pF,5%,100V
capacitor,capacitor_1000pF_200_chip_capacitor_603V,C,chip_capacitor_603,Capacitor 1000pF 5% 200V,"capacitor,smd",1,2,1000pF,5%,200V
capacitor,capacitor_1000pF_10_chip_capacitor_805V,C,chip_capacitor_805,Capacitor 1000pF 5% 10V,"capacitor,smd",1,2,1000pF,5%,10V
capacitor,capacitor_1000pF_16_chip_capacitor_805V,C,chip_capacitor_805,Capacitor 1000pF 5% 16V,"capacitor,smd",1,2,1000pF,5%,16V
capacitor,capacitor_1000pF_25_chip_capacitor_805V,C,chip_capacitor_805,Capacitor 1000pF 5% 25V,"capacitor,smd",1,2,1000pF,5%,25V
capacitor,capacitor_1000pF_50_chip_capacitor_805V,C,chip_capacitor_805,Capacitor 1000pF 5% 50V,"capacitor,smd",1,2,1000pF,5%,50V
capacitor,capacitor_1000pF_100_chip_capacitor_805V,C,chip_capacitor_805,Capacitor 1000pF 5% 100V,"capacitor,smd",1,2,1000pF,5%,100V
capacitor,capacitor_1000pF_200_chip_capacitor_805V,C,chip_capacitor_805,Capacitor 1000pF 5% 200V,"capacitor,smd",1,2,1000pF,5%,200V
capacitor,capacitor_1000pF_500_chip_capacitor_1206V,C,chip_capacitor_1206,Capacitor 1000pF 5% 500V,"capacitor,smd",1,2,1000pF,5%,500V
capacitor,capacitor_1500pF_10_chip_capacitor_201V,C,chip_capacitor_201,Capacitor 1500pF 5% 10V,"capacitor,smd",1,2,1500pF,5%,10V
capacitor,capacitor_1500pF_16_chip_capacitor_201V,C,chip_capacitor_201,Capacitor 1500pF 5% 16V,"capacitor,smd",1,2,1500pF,5%,16V
capacitor,capacitor_1500pF_10_chip_capacitor_402V,C,chip_capacitor_402,Capacitor 1500pF 5% 10V,"capacitor,smd",1,2,1500pF,5%,10V
capacitor,capacitor_1500pF_16_chip_capacitor_402V,C,chip_capacitor_402,Capacitor 1500pF 5% 16V,"capacitor,smd",1,2,1500pF,5%,16V
capacitor,capacitor_1500pF_25_chip_capacitor_402V,C,chip_capacitor_402,Capacitor 1500pF 5% 25V,"capacitor,smd",1,2,1500pF,5%,25V
capacitor,capacitor_1500pF_50_chip_capacitor_603V,C,chip_capacitor_603,Capacitor 1500pF 5% 50V,"capacitor,smd",1,2,1500pF,5%,50V
capacitor,capacitor_1500pF_100_chip_capacitor_603V,C,chip_capacitor_603,Capacitor 1500pF 5% 100V,"capacitor,smd",1,2,1500pF,5%,100V
capacitor,capacitor_1500pF_10_chip_capacitor_805V,C,chip_capacitor_805,Capacitor 1500pF 5% 10V,"capacitor,smd",1,2,1500pF,5%,10V
capacitor,capacitor_1500pF_16_chip_capacitor_805V,C,chip_capacitor_805,Capacitor 1500pF 5% 16V,"capacitor,smd",1,2,1500pF,5%,16V
capacitor,capacitor_1500pF_25_chip_capacitor_805V,C,chip_capacitor_805,Capacitor 1500pF 5% 25V,"capacitor,smd",1,2,1500pF,5%,25V
capacitor,capacitor_1500pF_50_chip_capacitor_805V,C,chip_capacitor_805,Capacitor 1500pF 5% 50V,"capacitor,smd",1,2,1500pF,5%,50V
capacitor,capacitor_1500pF_100_chip_capacitor_805V,C,chip_capacitor_805,Capacitor 1500pF 5% 100V,"capacitor,smd",1,2,1500pF,5%,100V
capacitor,capacitor_1500pF_200_chip_capacitor_805V,C,chip_capacitor_805,Capacitor 1500pF 5% 200V,"capacitor,smd",1,2,1500pF,5%,200V
capacitor,capacitor_1500pF_10_chip_capacitor_1206V,C,chip_capacitor_1206,Capacitor 1500pF 5% 10V,"capacitor,smd",1,2,1500pF,5%,10V
capacitor,capacitor_1500pF_16_chip_capacitor_1206V,C,chip_capacitor_1206,Capacitor 1500pF 5% 16V,"capacitor,smd",1,2,1500pF,5%,16V
capacitor,capacitor_1500pF_25_chip_capacitor_1206V,C,chip_capacitor_1206,Capacitor 1500pF 5% 25V,"capacitor,smd",1,2,1500pF,5%,25V
capacitor,capacitor_1500pF_50_chip_capacitor_1206V,C,chip_capacitor_1206,Capacitor 1500pF 5% 50V,"capacitor,smd",1,2,1500pF,5%,50V
capacitor,capacitor_1500pF_100_chip_capacitor_1206V,C,chip_capacitor_1206,Capacitor 1500pF 5% 100V,"capacitor,smd",1,2,1500pF,5%,100V
capacitor,capacitor_1500pF_200_chip_capacitor_1206V,C,chip_capacitor_1206,Capacitor 1500pF 5% 200V,"capacitor,smd",1,2,1500pF,5%,200V
capacitor,capacitor_1500pF_500_chip_capacitor_1206V,C,chip_capacitor_1206,Capacitor 1500pF 5% 500V,"capacitor,smd",1,2,1500pF,5%,500V
capacitor,capacitor_1500pF_10_chip_capacitor_1210V,C,chip_capacitor_1210,Capacitor 1500pF 5% 10V,"capacitor,smd",1,2,1500pF,5%,10V
capacitor,capacitor_1500pF_16_chip_capacitor_1210V,C,chip_capacitor_1210,Capacitor 1500pF 5% 16V,"capacitor,smd",1,2,1500pF,5%,16V
capacitor,capacitor_1500pF_25_chip_capacitor_1210V,C,chip_capacitor_1210,Capacitor 1500pF 5% 25V,"capacitor,smd",1,2,1500pF,5%,25V
capacitor,capacitor_1500pF_50_chip_capacitor_1210V,C,chip_capacitor_1210,Capacitor 1500pF 5% 50V,"capacitor,smd",1,2,1500pF,5%,50V
capacitor,capacitor_1500pF_100_chip_capacitor_1210V,C,chip_capacitor_1210,Capacitor 1500pF 5% 100V,"capacitor,smd",1,2,1500pF,5%,100V
capacitor,capacitor_1500pF_200_chip_capacitor_1210V,C,chip_capacitor_1210,Capacitor 1500pF 5% 200V,"capacitor,smd",1,2,1500pF,5%,200V
capacitor,capacitor_1500pF_500_chip_capacitor_1210V,C,chip_capacitor_1210,Capacitor 1500pF 5% 500V,"capacitor,smd",1,2,1500pF,5%,500V
capacitor,capacitor_2200pF_10_chip_capacitor_201V,C,chip_capacitor_201,Capacitor 2200pF 5% 10V,"capacitor,smd",1,2,2200pF,5%,10V
capacitor,capacitor_2200pF_16_chip_capacitor_201V,C,chip_capacitor_201,Capacitor 2200pF 5% 16V,"capacitor,smd",1,2,2200pF,5%,16V
capacitor,capacitor_2200pF_10_chip_capacitor_402V,C,chip_capacitor_402,Capacitor 2200pF 5% 10V,"capacitor,smd",1,2,2200pF,5%,10V
capacitor,capacitor_2200pF_16_chip_capacitor_402V,C,chip_capacitor_402,Capacitor 2200pF 5% 16V,"capacitor,smd",1,2,2200pF,5%,16V
capacitor,capacitor_2200pF_25_chip_capacitor_402V,C,chip_capacitor_402,Capacitor 2200pF 5% 25V,"capacitor,smd",1,2,2200pF,5%,25V
capacitor,capacitor_2200pF_50_chip_capacitor_603V,C,chip_capacitor_603,Capacitor 2200pF 5% 50V,"capacitor,smd",1,2,2200pF,5%,50V
capacitor,capacitor_2200pF_100_chip_capacitor_603V,C,chip_capacitor_603,Capacitor 2200pF 5% 100V,"capacitor,smd",1,2,2200pF,5%,100V
capacitor,capacitor_2200pF_10_chip_capacitor_805V,C,chip_capacitor_805,Capacitor 2200pF 5% 10V,"capacitor,smd",1,2,2200pF,5%,10V
capacitor,capacitor_2200pF_16_chip_capacitor_805V,C,chip_capacitor_805,Capacitor 2200pF 5% 16V,"capacitor,smd",1,2,2200pF,5%,16V
capacitor,capacitor_2200pF_25_chip_capacitor_805V,C,chip_capacitor_805,Capacitor 2200pF 5% 25V,"capacitor,smd",1,2,2200pF,5%,25V
capacitor,capacitor_2200pF_50_chip_capacitor_805V,C,chip_capacitor_805,Capacitor 2200pF 5% 50V,"capacitor,smd",1,2,2200pF,5%,50V
capacitor,capacitor_2200pF_100_chip_capacitor_805V,C,chip_capacitor_805,Capacitor 2200pF 5% 100V,"capacitor,smd",1,2,2200pF,5%,100V
capacitor,capacitor_2200pF_200_chip_capacitor_805V,C,chip_capacitor_805,Capacitor 2200pF 5% 200V,"capacitor,smd",1,2,2200pF,5%,200V
capacitor,capacitor_2200pF_10_chip_capacitor_1206V,C,chip_capacitor_1206,Capacitor 2200pF 5% 10V,"capacitor,smd",1,2,2200pF,5%,10V
capacitor,capacitor_2200pF_16_chip_capacitor_1206V,C,chip_capacitor_1206,Capacitor 2200pF 5% 16V,"capacitor,smd",1,2,2200pF,5%,16V
capacitor,capacitor_2200pF_25_chip_capacitor_1206V,C,chip_capacitor_1206,Capacitor 2200pF 5% 25V,"capacitor,smd",1,2,2200pF,5%,25V
capacitor,capacitor_2200pF_50_chip_capacitor_1206V,C,chip_capacitor_1206,Capacitor 2200pF 5% 50V,"capacitor,smd",1,2,2200pF,5%,50V
capacitor,capacitor_2200pF_100_chip_capacitor_1206V,C,chip_capacitor_1206,Capacitor 2200pF 5% 100V,"capacitor,smd",1,2,2200pF,5%,100V
capacitor,capacitor_2200pF_200_chip_capacitor_1206V,C,chip_capacitor_1206,Capacitor 2200pF 5% 200V,"capacitor,smd",1,2,2200pF,5%,200V
capacitor,capacitor_2200pF_500_chip_capacitor_1206V,C,chip_capacitor_1206,Capacitor 2200pF 5% 500V,"capacitor,smd",1,2,2200pF,5%,500V
capacitor,capacitor_2200pF_10_chip_capacitor_1210V,C,chip_capacitor_1210,Capacitor 2200pF 5% 10V,"capacitor,smd",1,2,2200pF,5%,10V
capacitor,capacitor_2200pF_16_chip_capacitor_1210V,C,chip_capacitor_1210,Capacitor 2200pF 5% 16V,"capacitor,smd",1,2,2200pF,5%,16V
capacitor,capacitor_2200pF_25_chip_capacitor_1210V,C,chip_capacitor_1210,Capacitor 2200pF 5% 25V,"capacitor,smd",1,2,2200pF,5%,25V
capacitor,capacitor_2200pF_50_chip_capacitor_1210V,C,chip_capacitor_1210,Capacitor 2200pF 5% 50V,"capacitor,smd",1,2,2200pF,5%,50V
capacitor,capacitor_2200pF_100_chip_capacitor_1210V,C,chip_capacitor_1210,Capacitor 2200pF 5% 100V,"capacitor,smd",1,2,2200pF,5%,100V
capacitor,capacitor_2200pF_200_chip_capacitor_1210V,C,chip_capacitor_1210,Capacitor 2200pF 5% 200V,"capacitor,smd",1,2,2200pF,5%,200V
capacitor,capacitor_2200pF_500_chip_capacitor_1210V,C,chip_capacitor_1210,Capacitor 2200pF 5% 500V,"capacitor,smd",1,2,2200pF,5%,500V
capacitor,capacitor_3300pF_10_chip_capacitor_201V,C,chip_capacitor_201,Capacitor 3300pF 5% 10V,"capacitor,smd",1,2,3300pF,5%,10V
capacitor,capacitor_3300pF_16_chip_capacitor_201V,C,chip_capacitor_201,Capacitor 3300pF 5% 16V,"capacitor,smd",1,2,3300pF,5%,16V
capacitor,capacitor_3300pF_10_chip_capacitor_402V,C,chip_capacitor_402,Capacitor 3300pF 5% 10V,"capacitor,smd",1,2,3300pF,5%,10V
capacitor,capacitor_3300pF_16_chip_capacitor_402V,C,chip_capacitor_402,Capacitor 3300pF 5% 16V,"capacitor,smd",1,2,3300pF,5%,16V
capacitor,capacitor_3300pF_25_chip_capacitor_402V,C,chip_capacitor_402,Capacitor 3300pF 5% 25V,"capacitor,smd",1,2,3300pF,5%,25V
capacitor,capacitor_3300pF_50_chip_capacitor_603V,C,chip_capacitor_603,Capacitor 3300pF 5% 50V,"capacitor,smd",1,2,3300pF,5%,50V
capacitor,capacitor_3300pF_100_chip_capacitor_603V,C,chip_capacitor_603,Capacitor 3300pF 5% 100V,"capacitor,smd",1,2,3300pF,5%,100V
capacitor,capacitor_3300pF_10_chip_capacitor_805V,C,chip_capacitor_805,Capacitor 3300pF 5% 10V,"capacitor,smd",1,2,3300pF,5%,10V
capacitor,capacitor_3300pF_16_chip_capacitor_805V,C,chip_capacitor_805,Capacitor 3300pF 5% 16V,"capacitor,smd",1,2,3300pF,5%,16V
capacitor,capacitor_3300pF_25_chip_capacitor_805V,C,chip_capacitor_805,Capacitor 3300pF 5% 25V,"capacitor,smd",1,2,3300pF,5%,25V
capacitor,capacitor_3300pF_50_chip_capacitor_805V,C,chip_capacitor_805,Capacitor 3300pF 5% 50V,"capacitor,smd",1,2,3300pF,5%,50V
capacitor,capacitor_3300pF_100_chip_capacitor_805V,C,chip_capacitor_805,Capacitor 3300pF 5% 100V,"capacitor,smd",1,2,3300pF,5%,100V
capacitor,capacitor_3300pF_200_chip_capacitor_805V,C,chip_capacitor_805,Capacitor 3300pF 5% 200V,"capacitor,smd",1,2,3300pF,5%,200V
capacitor,capacitor_3300pF_10_chip_capacitor_1206V,C,chip_capacitor_1206,Capacitor 3300pF 5% 10V,"capacitor,smd",1,2,3300pF,5%,10V
capacitor,capacitor_3300pF_16_chip_capacitor_1206V,C,chip_capacitor_1206,Capacitor 3300pF 5% 16V,"capacitor,smd",1,2,3300pF,5%,16V
capacitor,capacitor_3300pF_25_chip_capacitor_1206V,C,chip_capacitor_1206,Capacitor 3300pF 5% 25V,"capacitor,smd",1,2,3300pF,5%,25V
capacitor,capacitor_3300pF_50_chip_capacitor_1206V,C,chip_capacitor_1206,Capacitor 3300pF 5% 50V,"capacitor,smd",1,2,3300pF,5%,50V
capacitor,capacitor_3300pF_100_chip_capacitor_1206V,C,chip_capacitor_1206,Capacitor 3300pF 5% 100V,"capacitor,smd",1,2,3300pF,5%,100V
capacitor,capacitor_3300pF_200_chip_capacitor_1206V,C,chip_capacitor_1206,Capacitor 3300pF 5% 200V,"capacitor,smd",1,2,3300pF,5%,200V
capacitor,capacitor_3300pF_500_chip_capacitor_1206V,C,chip_capacitor_1206,Capacitor 3300pF 5% 500V,"capacitor,smd",1,2,3300pF,5%,500V
capacitor,capacitor_3300pF_10_chip_capacitor_1210V,C,chip_capacitor_1210,Capacitor 3300pF 5% 10V,"capacitor,smd",1,2,3300pF,5%,10V
capacitor,capacitor_3300pF_16_chip_capacitor_1210V,C,chip_capacitor_1210,Capacitor 3300pF 5% 16V,"capacitor,smd",1,2,3300pF,5%,16V
capacitor,capacitor_3300pF_25_chip_capacitor_1210V,C,chip_capacitor_1210,Capacitor 3300pF 5% 25V,"capacitor,smd",1,2,3300pF,5%,25V
capacitor,capacitor_3300pF_50_chip_capacitor_1210V,C,chip_capacitor_1210,Capacitor 3300pF 5% 50V,"capacitor,smd",1,2,3300pF,5%,50V
capacitor,capacitor_3300pF_100_chip_capacitor_1210V,C,chip_capacitor_1210,Capacitor 3300pF 5% 100V,"capacitor,smd",1,2,3300pF,5%,100V
capacitor,capacitor_3300pF_200_chip_capacitor_1210V,C,chip_capacitor_1210,Capacitor 3300pF 5% 200V,"capacitor,smd",1,2,3300pF,5%,200V
capacitor,capacitor_3300pF_500_chip_capacitor_1210V,C,chip_capacitor_1210,Capacitor 3300pF 5% 500V,"capacitor,smd",1,2,3300pF,5%,500V
capacitor,capacitor_4700pF_10_chip_capacitor_201V,C,chip_capacitor_201,Capacitor 4700pF 5% 10V,"capacitor,smd",1,2,4700pF,5%,10V
capacitor,capacitor_4700pF_16_chip_capacitor_201V,C,chip_capacitor_201,Capacitor 4700pF 5% 16V,"capacitor,smd",1,2,4700pF,5%,16V
capacitor,capacitor_4700pF_10_chip_capacitor_402V,C,chip_capacitor_402,Capacitor 4700pF 5% 10V,"capacitor,smd",1,2,4700pF,5%,10V
capacitor,capacitor_4700pF_16_chip_capacitor_402V,C,chip_capacitor_402,Capacitor 4700pF 5% 16V,"capacitor,smd",1,2,4700pF,5%,16V
capacitor,capacitor_4700pF_25_chip_capacitor_402V,C,chip_capacitor_402,Capacitor 4700pF 5% 25V,"capacitor,smd",1,2,4700pF,5%,25V
capacitor,capacitor_4700pF_50_chip_capacitor_603V,C,chip_capacitor_603,Capacitor 4700pF 5% 50V,"capacitor,smd",1,2,4700pF,5%,50V
capacitor,capacitor_4700pF_100_chip_capacitor_603V,C,chip_capacitor_603,Capacitor 4700pF 5% 100V,"capacitor,smd",1,2,4700pF,5%,100V
capacitor,capacitor_4700pF_10_chip_capacitor_805V,C,chip_capacitor_805,Capacitor 4700pF 5% 10V,"capacitor,smd",1,2,4700pF,5%,10V
capacitor,capacitor_4700pF_16_chip_capacitor_805V,C,chip_capacitor_805,Capacitor 4700pF 5% 16V,"capacitor,smd",1,2,4700pF,5%,16V
capacitor,capacitor_4700pF_25_chip_capacitor_805V,C,chip_capacitor_805,Capacitor 4700pF 5% 25V,"capacitor,smd",1,2,4700pF,5%,25V
capacitor,capacitor_4700pF_50_chip_capacitor_805V,C,chip_capacitor_805,Capacitor 4700pF 5% 50V,"capacitor,smd",1,2,4700pF,5%,50V
capacitor,capacitor_4700pF_100_chip_capacitor_805V,C,chip_capacitor_805,Capacitor 4700pF 5% 100V,"capacitor,smd",1,2,4700pF,5%,100V
capacitor,capacitor_4700pF_200_chip_capacitor_805V,C,chip_capacitor_805,Capacitor 4700pF 5% 200V,"capacitor,smd",1,2,4700pF,5%,200V
capacitor,capacitor_4700pF_10_chip_capacitor_1206V,C,chip_capacitor_1206,Capacitor 4700pF 5% 10V,"capacitor,smd",1,2,4700pF,5%,10V
capacitor,capacitor_4700pF_16_chip_capacitor_1206V,C,chip_capacitor_1206,Capacitor 4700pF 5% 16V,"capacitor,smd",1,2,4700pF,5%,16V
capacitor,capacitor_4700pF_25_chip_capacitor_1206V,C,chip_capacitor_1206,Capacitor 4700pF 5% 25V,"capacitor,smd",1,2,4700pF,5%,25V
capacitor,capacitor_4700pF_50_chip_capacitor_1206V,C,chip_capacitor_1206,Capacitor 4700pF 5% 50V,"capacitor,smd",1,2,4700pF,5%,50V
capacitor,capacitor_4700pF_100_chip_capacitor_1206V,C,chip_capacitor_1206,Capacitor 4700pF 5% 100V,"capacitor,smd",1,2,4700pF,5%,100V
capacitor,capacitor_4700pF_200_chip_capacitor_1206V,C,chip_capacitor_1206,Capacitor 4700pF 5% 200V,"capacitor,smd",1,2,4700pF,5%,200V
capacitor,capacitor_4700pF_500_chip_capacitor_1206V,C,chip_capacitor_1206,Capacitor 4700pF 5% 500V,"capacitor,smd",1,2,4700pF,5%,500V
capacitor,capacitor_4700pF_10_chip_capacitor_1210V,C,chip_capacitor_1210,Capacitor 4700pF 5% 10V,"capacitor,smd",1,2,4700pF,5%,10V
capacitor,capacitor_4700pF_16_chip_capacitor_1210V,C,chip_capacitor_1210,Capacitor 4700pF 5% 16V,"capacitor,smd",1,2,4700pF,5%,16V
capacitor,capacitor_4700pF_25_chip_capacitor_1210V,C,chip_capacitor_1210,Capacitor 4700pF 5% 25V,"capacitor,smd",1,2,4700pF,5%,25V
capacitor,capacitor_4700pF_50_chip_capacitor_1210V,C,chip_capacitor_1210,Capacitor 4700pF 5% 50V,"capacitor,smd",1,2,4700pF,5%,50V
capacitor,capacitor_4700pF_100_chip_capacitor_1210V,C,chip_capacitor_1210,Capacitor 4700pF 5% 100V,"capacitor,smd",1,2,4700pF,5%,100V
capacitor,capacitor_4700pF_200_chip_capacitor_1210V,C,chip_capacitor_1210,Capacitor 4700pF 5% 200V,"capacitor,smd",1,2,4700pF,5%,200V
capacitor,capacitor_4700pF_500_chip_capacitor_1210V,C,chip_capacitor_1210,Capacitor 4700pF 5% 500V,"capacitor,smd",1,2,4700pF,5%,500V
capacitor,capacitor_6800pF_10_chip_capacitor_201V,C,chip_capacitor_201,Capacitor 6800pF 5% 10V,"capacitor,smd",1,2,6800pF,5%,10V
capacitor,capacitor_6800pF_16_chip_capacitor_201V,C,chip_capacitor_201,Capacitor 6800pF 5% 16V,"capacitor,smd",1,2,6800pF,5%,16V
capacitor,capacitor_6800pF_10_chip_capacitor_402V,C,chip_capacitor_402,Capacitor 6800pF 5% 10V,"capacitor,smd",1,2,6800pF,5%,10V
capacitor,capacitor_6800pF_16_chip_capacitor_402V,C,chip_capacitor_402,Capacitor 6800pF 5% 16V,"capacitor,smd",1,2,6800pF,5%,16V
capacitor,capacitor_6800pF_25_chip_capacitor_402V,C,chip_capacitor_402,Capacitor 6800pF 5% 25V,"capacitor,smd",1,2,6800pF,5%,25V
capacitor,capacitor_6800pF_50_chip_capacitor_603V,C,chip_capacitor_603,Capacitor 6800pF 5% 50V,"capacitor,smd",1,2,6800pF,5%,50V
capacitor,capacitor_6800pF_100_chip_capacitor_603V,C,chip_capacitor_603,Capacitor 6800pF 5% 100V,"capacitor,smd",1,2,6800pF,5%,100V
capacitor,capacitor_6800pF_10_chip_capacitor_805V,C,chip_capacitor_805,Capacitor 6800pF 5% 10V,"capacitor,smd",1,2,6800pF,5%,10V
capacitor,capacitor_6800pF_16_chip_capacitor_805V,C,chip_capacitor_805,Capacitor 6800pF 5% 16V,"capacitor,smd",1,2,6800pF,5%,16V
capacitor,capacitor_6800pF_25_chip_capacitor_805V,C,chip_capacitor_805,Capacitor 6800pF 5% 25V,"capacitor,smd",1,2,6800pF,5%,25V
capacitor,capacitor_6800pF_50_chip_capacitor_805V,C,chip_capacitor_805,Capacitor 6800pF 5% 50V,"capacitor,smd",1,2,6800pF,5%,50V
capacitor,capacitor_6800pF_100_chip_capacitor_805V,C,chip_capacitor_805,Capacitor 6800pF 5% 100V,"capacitor,smd",1,2,6800pF,5%,100V
capacitor,capacitor_6800pF_200_chip_capacitor_805V,C,chip_capacitor_805,Capacitor 6800pF 5% 200V,"capacitor,smd",1,2,6800pF,5%,200V
capacitor,capacitor_6800pF_10_chip_capacitor_1206V,C,chip_capacitor_1206,Capacitor 6800pF 5% 10V,"capacitor,smd",1,2,6800pF,5%,10V
capacitor,capacitor_6800pF_16_chip_capacitor_1206V,C,chip_capacitor_1206,Capacitor 6800pF 5% 16V,"capacitor,smd",1,2,6800pF,5%,16V
capacitor,capacitor_6800pF_25_chip_capacitor_1206V,C,chip_capacitor_1206,Capacitor 6800pF 5% 25V,"capacitor,smd",1,2,6800pF,5%,25V
capacitor,capacitor_6800pF_50_chip_capacitor_1206V,C,chip_capacitor_1206,Capacitor 6800pF 5% 50V,"capacitor,smd",1,2,6800pF,5%,50V
capacitor,capacitor_6800pF_100_chip_capacitor_1206V,C,chip_capacitor_1206,Capacitor 6800pF 5% 100V,"capacitor,smd",1,2,6800pF,5%,100V
capacitor,capacitor_6800pF_200_chip_capacitor_1206V,C,chip_capacitor_1206,Capacitor 6800pF 5% 200V,"capacitor,smd",1,2,6800pF,5%,200V
capacitor,capacitor_6800pF_500_chip_capacitor_1206V,C,chip_capacitor_1206,Capacitor 6800pF 5% 500V,"capacitor,smd",1,2,6800pF,5%,500V
capacitor,capacitor_6800pF_10_chip_capacitor_1210V,C,chip_capacitor_1210,Capacitor 6800pF 5% 10V,"capacitor,smd",1,2,6800pF,5%,10V
capacitor,capacitor_6800pF_16_chip_capacitor_1210V,C,chip_capacitor_1210,Capacitor 6800pF 5% 16V,"capacitor,smd",1,2,6800pF,5%,16V
capacitor,capacitor_6800pF_25_chip_capacitor_1210V,C,chip_capacitor_1210,Capacitor 6800pF 5% 25V,"capacitor,smd",1,2,6800pF,5%,25V
capacitor,capacitor_6800pF_50_chip_capacitor_1210V,C,chip_capacitor_1210,Capacitor 6800pF 5% 50V,"capacitor,smd",1,2,6800pF,5%,50V
capacitor,capacitor_6800pF_100_chip_capacitor_1210V,C,chip_capacitor_1210,Capacitor 6800pF 5% 100V,"capacitor,smd",1,2,6800pF,5%,100V
capacitor,capacitor_6800pF_200_chip_capacitor_1210V,C,chip_capacitor_1210,Capacitor 6800pF 5% 200V,"capacitor,smd",1,2,6800pF,5%,200V
capacitor,capacitor_6800pF_500_chip_capacitor_1210V,C,chip_capacitor_1210,Capacitor 6800pF 5% 500V,"capacitor,smd",1,2,6800pF,5%,500V
capacitor,capacitor_0.01uF_10_chip_capacitor_201V,C,chip_capacitor_201,Capacitor 0.01uF 5% 10V,"capacitor,smd",1,2,0.01uF,5%,10V
capacitor,capacitor_0.01uF_16_chip_capacitor_201V,C,chip_capacitor_201,Capacitor 0.01uF 5% 16V,"capacitor,smd",1,2,0.01uF,5%,16V
capacitor,capacitor_0.01uF_10_chip_capacitor_402V,C,chip_capacitor_402,Capacitor 0.01uF 5% 10V,"capacitor,smd",1,2,0.01uF,5%,10V
capacitor,capacitor_0.01uF_16_chip_capacitor_402V,C,chip_capacitor_402,Capacitor 0.01uF 5% 16V,"capacitor,smd",1,2,0.01uF,5%,16V
capacitor,capacitor_0.01uF_25_chip_capacitor_402V,C,chip_capacitor_402,Capacitor 0.01uF 5% 25V,"capacitor,smd",1,2,0.01uF,5%,25V
capacitor,capacitor_0.01uF_25_chip_capacitor_603V,C,chip_capacitor_603,Capacitor 0.01uF 5% 25V,"capacitor,smd",1,2,0.01uF,5%,25V
capacitor,capacitor_0.01uF_50_chip_capacitor_603V,C,chip_capacitor_603,Capacitor 0.01uF 5% 50V,"capacitor,smd",1,2,0.01uF,5%,50V
capacitor,capacitor_0.01uF_100_chip_capacitor_603V,C,chip_capacitor_603,Capacitor 0.01uF 5% 100V,"capacitor,smd",1,2,0.01uF,5%,100V
capacitor,capacitor_0.01uF_10_chip_capacitor_805V,C,chip_capacitor_805,Capacitor 0.01uF 5% 10V,"capacitor,smd",1,2,0.01uF,5%,10V
capacitor,capacitor_0.01uF_16_chip_capacitor_805V,C,chip_capacitor_805,Capacitor 0.01uF 5% 16V,"capacitor,smd",1,2,0.01uF,5%,16V
capacitor,capacitor_0.01uF_25_chip_capacitor_805V,C,chip_capacitor_805,Capacitor 0.01uF 5% 25V,"capacitor,smd",1,2,0.01uF,5%,25V
capacitor,capacitor_0.01uF_50_chip_capacitor_805V,C,chip_capacitor_805,Capacitor 0.01uF 5% 50V,"capacitor,smd",1,2,0.01uF,5%,50V
capacitor,capacitor_0.01uF_100_chip_capacitor_805V,C,chip_capacitor_805,Capacitor 0.01uF 5% 100V,"capacitor,smd",1,2,0.01uF,5%,100V
capacitor,capacitor_0.01uF_200_chip_capacitor_805V,C,chip_capacitor_805,Capacitor 0.01uF 5% 200V,"capacitor,smd",1,2,0.01uF,5%,200V
capacitor,capacitor_0.01uF_10_chip_capacitor_1206V,C,chip_capacitor_1206,Capacitor 0.01uF 5% 10V,"capacitor,smd",1,2,0.01uF,5%,10V
capacitor,capacitor_0.01uF_16_chip_capacitor_1206V,C,chip_capacitor_1206,Capacitor 0.01uF 5% 16V,"capacitor,smd",1,2,0.01uF,5%,16V
capacitor,capacitor_0.01uF_25_chip_capacitor_1206V,C,chip_capacitor_1206,Capacitor 0.01uF 5% 25V,"capacitor,smd",1,2,0.01uF,5%,25V
capacitor,capacitor_0.01uF_50_chip_capacitor_1206V,C,chip_capacitor_1206,Capacitor 0.01uF 5% 50V,"capacitor,smd",1,2,0.01uF,5%,50V
capacitor,capacitor_0.01uF_100_chip_capacitor_1206V,C,chip_capacitor_1206,Capacitor 0.01uF 5% 100V,"capacitor,smd",1,2,0.01uF,5%,100V
capacitor,capacitor_0.01uF_200_chip_capacitor_1206V,C,chip_capacitor_1206,Capacitor 0.01uF 5% 200V,"capacitor,smd",1,2,0.01uF,5%,200V
capacitor,capacitor_0.01uF_500_chip_capacitor_1206V,C,chip_capacitor_1206,Capacitor 0.01uF 5% 500V,"capacitor,smd",1,2,0.01uF,5%,500V
capacitor,capacitor_0.01uF_10_chip_capacitor_1210V,C,chip_capacitor_1210,Capacitor 0.01uF 5% 10V,"capacitor,smd",1,2,0.01uF,5%,10V
capacitor,capacitor_0.01uF_16_chip_capacitor_1210V,C,chip_capacitor_1210,Capacitor 0.01uF 5% 16V,"capacitor,smd",1,2,0.01uF,5%,16V
capacitor,capacitor_0.01uF_25_chip_capacitor_1210V,C,chip_capacitor_1210,Capacitor 0.01uF 5% 25V,"capacitor,smd",1,2,0.01uF,5%,25V
capacitor,capacitor_0.01uF_50_chip_capacitor_1210V,C,chip_capacitor_1210,Capacitor 0.01uF 5% 50V,"capacitor,smd",1,2,0.01uF,5%,50V
capacitor,capacitor_0.01uF_100_chip_capacitor_1210V,C,chip_capacitor_1210,Capacitor 0.01uF 5% 100V,"capacitor,smd",1,2,0.01uF,5%,100V
capacitor,capacitor_0.01uF_200_chip_capacitor_1210V,C,chip_capacitor_1210,Capacitor 0.01uF 5% 200V,"capacitor,smd",1,2,0.01uF,5%,200V
capacitor,capacitor_0.01uF_500_chip_capacitor_1210V,C,chip_capacitor_1210,Capacitor 0.01uF 5% 500V,"capacitor,smd",1,2,0.01uF,5%,500V
capacitor,capacitor_0.01uF_25_chip_capacitor_1812V,C,chip_capacitor_1812,Capacitor 0.01uF 5% 25V,"capacitor,smd",1,2,0.01uF,5%,25V
capacitor,capacitor_0.01uF_50_chip_capacitor_1812V,C,chip_capacitor_1812,Capacitor 0.01uF 5% 50V,"capacitor,smd",1,2,0.01uF,5%,50V
capacitor,capacitor_0.01uF_100_chip_capacitor_1812V,C,chip_capacitor_1812,Capacitor 0.01uF 5% 100V,"capacitor,smd",1,2,0.01uF,5%,100V
capacitor,capacitor_0.01uF_200_chip_capacitor_1812V,C,chip_capacitor_1812,Capacitor 0.01uF 5% 200V,"capacitor,smd",1,2,0.01uF,5%,200V
capacitor,capacitor_0.01uF_500_chip_capacitor_1812V,C,chip_capacitor_1812,Capacitor 0.01uF 5% 500V,"capacitor,smd",1,2,0.01uF,5%,500V
capacitor,capacitor_0.01uF_50_chip_capacitor_1825V,C,chip_capacitor_1825,Capacitor 0.01uF 5% 50V,"capacitor,smd",1,2,0.01uF,5%,50V
capacitor,capacitor_0.01uF_100_chip_capacitor_1825V,C,chip_capacitor_1825,Capacitor 0.01uF 5% 100V,"capacitor,smd",1,2,0.01uF,5%,100V
capacitor,capacitor_0.01uF_200_chip_capacitor_1825V,C,chip_capacitor_1825,Capacitor 0.01uF 5% 200V,"capacitor,smd",1,2,0.01uF,5%,200V
capacitor,capacitor_0.01uF_50_chip_capacitor_2220V,C,chip_capacitor_2220,Capacitor 0.01uF 5% 50V,"capacitor,smd",1,2,0.01uF,5%,50V
capacitor,capacitor_0.01uF_100_chip_capacitor_2220V,C,chip_capacitor_2220,Capacitor 0.01uF 5% 100V,"capacitor,smd",1,2,0.01uF,5%,100V
capacitor,capacitor_0.01uF_200_chip_capacitor_2220V,C,chip_capacitor_2220,Capacitor 0.01uF 5% 200V,"capacitor,smd",1,2,0.01uF,5%,200V
capacitor,capacitor_0.01uF_500_chip_capacitor_2220V,C,chip_capacitor_2220,Capacitor 0.01uF 5% 500V,"capacitor,smd",1,2,0.01uF,5%,500V
capacitor,capacitor_0.01uF_50_chip_capacitor_2225V,C,chip_capacitor_2225,Capacitor 0.01uF 5% 50V,"capacitor,smd",1,2,0.01uF,5%,50V
capacitor,capacitor_0.01uF_100_chip_capacitor_2225V,C,chip_capacitor_2225,Capacitor 0.01uF 5% 100V,"capacitor,smd",1,2,0.01uF,5%,100V
capacitor,capacitor_0.01uF_200_chip_capacitor_2225V,C,chip_capacitor_2225,Capacitor 0.01uF 5% 200V,"capacitor,smd",1,2,0.01uF,5%,200V
capacitor,capacitor_0.015uF_10_chip_capacitor_402V,C,chip_capacitor_402,Capacitor 0.015uF 5% 10V,"capacitor,smd",1,2,0.015uF,5%,10V
capacitor,capacitor_0.015uF_16_chip_capacitor_402V,C,chip_capacitor_402,Capacitor 0.015uF 5% 16V,"capacitor,smd",1,2,0.015uF,5%,16V
capacitor,capacitor_0.015uF_25_chip_capacitor_402V,C,chip_capacitor_402,Capacitor 0.015uF 5% 25V,"capacitor,smd",1,2,0.015uF,5%,25V
capacitor,capacitor_0.015uF_25_chip_capacitor_603V,C,chip_capacitor_603,Capacitor 0.015uF 5% 25V,"capacitor,smd",1,2,0.015uF,5%,25V
capacitor,capacitor_0.015uF_50_chip_capacitor_603V,C,chip_capacitor_603,Capacitor 0.015uF 5% 50V,"capacitor,smd",1,2,0.015uF,5%,50V
capacitor,capacitor_0.015uF_100_chip_capacitor_603V,C,chip_capacitor_603,Capacitor 0.015uF 5% 100V,"capacitor,smd",1,2,0.015uF,5%,100V
capacitor,capacitor_0.015uF_10_chip_capacitor_805V,C,chip_capacitor_805,Capacitor 0.015uF 5% 10V,"capacitor,smd",1,2,0.015uF,5%,10V
capacitor,capacitor_0.015uF_16_chip_capacitor_805V,C,chip_capacitor_805,Capacitor 0.015uF 5% 16V,"capacitor,smd",1,2,0.015uF,5%,16V
capacitor,capacitor_0.015uF_25_chip_capacitor_805V,C,chip_capacitor_805,Capacitor 0.015uF 5% 25V,"capacitor,smd",1,2,0.015uF,5%,25V
capacitor,capacitor_0.015uF_50_chip_capacitor_805V,C,chip_capacitor_805,Capacitor 0.015uF 5% 50V,"capacitor,smd",1,2,0.015uF,5%,50V
capacitor,capacitor_0.015uF_100_chip_capacitor_805V,C,chip_capacitor_805,Capacitor 0.015uF 5% 100V,"capacitor,smd",1,2,0.015uF,5%,100V
capacitor,capacitor_0.015uF_200_chip_capacitor_805V,C,chip_capacitor_805,Capacitor 0.015uF 5% 200V,"capacitor,smd",1,2,0.015uF,5%,200V
capacitor,capacitor_0.015uF_10_chip_capacitor_1206V,C,chip_capacitor_1206,Capacitor 0.015uF 5% 10V,"capacitor,smd",1,2,0.015uF,5%,10V
capacitor,capacitor_0.015uF_16_chip_capacitor_1206V,C,chip_capacitor_1206,Capacitor 0.015uF 5% 16V,"capacitor,smd",1,2,0.015uF,5%,16V
capacitor,capacitor_0.015uF_25_chip_capacitor_1206V,C,chip_capacitor_1206,Capacitor 0.015uF 5% 25V,"capacitor,smd",1,2,0.015uF,5%,25V
capacitor,capacitor_0.015uF_50_chip_capacitor_1206V,C,chip_capacitor_1206,Capacitor 0.015uF 5% 50V,"capacitor,smd",1,2,0.015uF,5%,50V
capacitor,capacitor_0.015uF_100_chip_capacitor_1206V,C,chip_capacitor_1206,Capacitor 0.015uF 5% 100V,"capacitor,smd",1,2,0.015uF,5%,100V
capacitor,capacitor_0.015uF_200_chip_capacitor_1206V,C,chip_capacitor_1206,Capacitor 0.015uF 5% 200V,"capacitor,smd",1,2,0.015uF,5%,200V
capacitor,capacitor_0.015uF_10_chip_capacitor_1210V,C,chip_capacitor_1210,Capacitor 0.015uF 5% 10V,"capacitor,smd",1,2,0.015uF,5%,10V
capacitor,capacitor_0.015uF_16_chip_capacitor_1210V,C,chip_capacitor_1210,Capacitor 0.015uF 5% 16V,"capacitor,smd",1,2,0.015uF,5%,16V
capacitor,capacitor_0.015uF_25_chip_capacitor_1210V,C,chip_capacitor_1210,Capacitor 0.015uF 5% 25V,"capacitor,smd",1,2,0.015uF,5%,25V
capacitor,capacitor_0.015uF_50_chip_capacitor_1210V,C,chip_capacitor_1210,Capacitor 0.015uF 5% 50V,"capacitor,smd",1,2,0.015uF,5%,50V
capacitor,capacitor_0.015uF_100_chip_capacitor_1210V,C,chip_capacitor_1210,Capacitor 0.015uF 5% 100V,"capacitor,smd",1,2,0.015uF,5%,100V
capacitor,capacitor_0.015uF_200_chip_capacitor_1210V,C,chip_capacitor_1210,Capacitor 0.015uF 5% 200V,"capacitor,smd",1,2,0.015uF,5%,200V
capacitor,capacitor_0.015uF_500_chip_capacitor_1210V,C,chip_capacitor_1210,Capacitor 0.015uF 5% 500V,"capacitor,smd",1,2,0.015uF,5%,500V
capacitor,capacitor_0.015uF_25_chip_capacitor_1812V,C,chip_capacitor_1812,Capacitor 0.015uF 5% 25V,"capacitor,smd",1,2,0.015uF,5%,25V
capacitor,capacitor_0.015uF_50_chip_capacitor_1812V,C,chip_capacitor_1812,Capacitor 0.015uF 5% 50V,"capacitor,smd",1,2,0.015uF,5%,50V
capacitor,capacitor_0.015uF_100_chip_capacitor_1812V,C,chip_capacitor_1812,Capacitor 0.015uF 5% 100V,"capacitor,smd",1,2,0.015uF,5%,100V
capacitor,capacitor_0.015uF_200_chip_capacitor_1812V,C,chip_capacitor_1812,Capacitor 0.015uF 5% 200V,"capacitor,smd",1,2,0.015uF,5%,200V
capacitor,capacitor_0.015uF_500_chip_capacitor_1812V,C,chip_capacitor_1812,Capacitor 0.015uF 5% 500V,"capacitor,smd",1,2,0.015uF,5%,500V
capacitor,capacitor_0.015uF_50_chip_capacitor_1825V,C,chip_capacitor_1825,Capacitor 0.015uF 5% 50V,"capacitor,smd",1,2,0.015uF,5%,50V
capacitor,capacitor_0.015uF_100_chip_capacitor_1825V,C,chip_capacitor_1825,Capacitor 0.015uF 5% 100V,"capacitor,smd",1,2,0.015uF,5%,100V
capacitor,capacitor_0.015uF_200_chip_capacitor_1825V,C,chip_capacitor_1825,Capacitor 0.015uF 5% 200V,"capacitor,smd",1,2,0.015uF,5%,200V
capacitor,capacitor_0.015uF_50_chip_capacitor_2220V,C,chip_capacitor_2220,Capacitor 0.015uF 5% 50V,"capacitor,smd",1,2,0.015uF,5%,50V
capacitor,capacitor_0.015uF_100_chip_capacitor_2220V,C,chip_capacitor_2220,Capacitor 0.015uF 5% 100V,"capacitor,smd",1,2,0.015uF,5%,100V
capacitor,capacitor_0.015uF_200_chip_capacitor_2220V,C,chip_capacitor_2220,Capacitor 0.015uF 5% 200V,"capacitor,smd",1,2,0.015uF,5%,200V
capacitor,capacitor_0.015uF_500_chip_capacitor_2220V,C,chip_capacitor_2220,Capacitor 0.015uF 5% 500V,"capacitor,smd",1,2,0.015uF,5%,500V
capacitor,capacitor_0.015uF_50_chip_capacitor_2225V,C,chip_capacitor_2225,Capacitor 0.015uF 5% 50V,"capacitor,smd",1,2,0.015uF,5%,50V
capacitor,capacitor_0.015uF_100_chip_capacitor_2225V,C,chip_capacitor_2225,Capacitor 0.015uF 5% 100V,"capacitor,smd",1,2,0.015uF,5%,100V
capacitor,capacitor_0.015uF_200_chip_capacitor_2225V,C,chip_capacitor_2225,Capacitor 0.015uF 5% 200V,"capacitor,smd",1,2,0.015uF,5%,200V
capacitor,capacitor_0.022uF_10_chip_capacitor_402V,C,chip_capacitor_402,Capacitor 0.022uF 5% 10V,"capacitor,smd",1,2,0.022uF,5%,10V
capacitor,capacitor_0.022uF_16_chip_capacitor_402V,C,chip_capacitor_402,Capacitor 0.022uF 5% 16V,"capacitor,smd",1,2,0.022uF,5%,16V
capacitor,capacitor_0.022uF_25_chip_capacitor_402V,C,chip_capacitor_402,Capacitor 0.022uF 5% 25V,"capacitor,smd",1,2,0.022uF,5%,25V
capacitor,capacitor_0.022uF_25_chip_capacitor_603V,C,chip_capacitor_603,Capacitor 0.022uF 5% 25V,"capacitor,smd",1,2,0.022uF,5%,25V
capacitor,capacitor_0.022uF_50_chip_capacitor_603V,C,chip_capacitor_603,Capacitor 0.022uF 5% 50V,"capacitor,smd",1,2,0.022uF,5%,50V
capacitor,capacitor_0.022uF_100_chip_capacitor_603V,C,chip_capacitor_603,Capacitor 0.022uF 5% 100V,"capacitor,smd",1,2,0.022uF,5%,100V
capacitor,capacitor_0.022uF_10_chip_capacitor_805V,C,chip_capacitor_805,Capacitor 0.022uF 5% 10V,"capacitor,smd",1,2,0.022uF,5%,10V
capacitor,capacitor_0.022uF_16_chip_capacitor_805V,C,chip_capacitor_805,Capacitor 0.022uF 5% 16V,"capacitor,smd",1,2,0.022uF,5%,16V
capacitor,capacitor_0.022uF_25_chip_capacitor_805V,C,chip_capacitor_805,Capacitor 0.022uF 5% 25V,"capacitor,smd",1,2,0.022uF,5%,25V
capacitor,capacitor_0.022uF_50_chip_capacitor_805V,C,chip_capacitor_805,Capacitor 0.022uF 5% 50V,"capacitor,smd",1,2,0.022uF,5%,50V
capacitor,capacitor_0.022uF_100_chip_capacitor_805V,C,chip_capacitor_805,Capacitor 0.022uF 5% 100V,"capacitor,smd",1,2,0.022uF,5%,100V
capacitor,capacitor_0.022uF_200_chip_capacitor_805V,C,chip_capacitor_805,Capacitor 0.022uF 5% 200V,"capacitor,smd",1,2,0.022uF,5%,200V
capacitor,capacitor_0.022uF_10_chip_capacitor_1206V,C,chip_capacitor_1206,Capacitor 0.022uF 5% 10V,"capacitor,smd",1,2,0.022uF,5%,10V
capacitor,capacitor_0.022uF_16_chip_capacitor_1206V,C,chip_capacitor_1206,Capacitor 0.022uF 5% 16V,"capacitor,smd",1,2,0.022uF,5%,16V
capacitor,capacitor_0.022uF_25_chip_capacitor_1206V,C,chip_capacitor_1206,Capacitor 0.022uF 5% 25V,"capacitor,smd",1,2,0.022uF,5%,25V
capacitor,capacitor_0.022uF_50_chip_capacitor_1206V,C,chip_capacitor_1206,Capacitor 0.022uF 5% 50V,"capacitor,smd",1,2,0.022uF,5%,50V
capacitor,capacitor_0.022uF_100_chip_capacitor_1206V,C,chip_capacitor_1206,Capacitor 0.022uF 5% 100V,"capacitor,smd",1,2,0.022uF,5%,100V
capacitor,capacitor_0.022uF_200_chip_capacitor_1206V,C,chip_capacitor_1206,Capacitor 0.022uF 5% 200V,"capacitor,smd",1,2,0.022uF,5%,200V
capacitor,capacitor_0.022uF_10_chip_capacitor_1210V,C,chip_capacitor_1210,Capacitor 0.022uF 5% 10V,"capacitor,smd",1,2,0.022uF,5%,10V
capacitor,capacitor_0.022uF_16_chip_capacitor_1210V,C,chip_capacitor_1210,Capacitor 0.022uF 5% 16V,"capacitor,smd",1,2,0.022uF,5%,16V
capacitor,capacitor_0.022uF_25_chip_capacitor_1210V,C,chip_capacitor_1210,Capacitor 0.022uF 5% 25V,"capacitor,smd",1,2,0.022uF,5%,25V
capacitor,capacitor_0.022uF_50_chip_capacitor_1210V,C,chip_capacitor_1210,Capacitor 0.022uF 5% 50V,"capacitor,smd",1,2,0.022uF,5%,50V
capacitor,capacitor_0.022uF_100_chip_capacitor_1210V,C,chip_capacitor_1210,Capacitor 0.022uF 5% 100V,"capacitor,smd",1,2,0.022uF,5%,100V
capacitor,capacitor_0.022uF_200_chip_capacitor_1210V,C,chip_capacitor_1210,Capacitor 0.022uF 5% 200V,"capacitor,smd",1,2,0.022uF,5%,200V
capacitor,capacitor_0.022uF_500_chip_capacitor_1210V,C,chip_capacitor_1210,Capacitor 0.022uF 5% 500V,"capacitor,smd",1,2,0.022uF,5%,500V
capacitor,capacitor_0.022uF_25_chip_capacitor_1812V,C,chip_capacitor_1812,Capacitor 0.022uF 5% 25V,"capacitor,smd",1,2,0.022uF,5%,25V
capacitor,capacitor_0.022uF_50_chip_capacitor_1812V,C,chip_capacitor_1812,Capacitor 0.022uF 5% 50V,"capacitor,smd",1,2,0.022uF,5%,50V
capacitor,capacitor_0.022uF_100_chip_capacitor_1812V,C,chip_capacitor_1812,Capacitor 0.022uF 5% 100V,"capacitor,smd",1,2,0.022uF,5%,100V
capacitor,capacitor_0.022uF_200_chip_capacitor_1812V,C,chip_capacitor_1812,Capacitor 0.022uF 5% 200V,"capacitor,smd",1,2,0.022uF,5%,200V
capacitor,capacitor_0.022uF_500_chip_capacitor_1812V,C,chip_capacitor_1812,Capacitor 0.022uF 5% 500V,"capacitor,smd",1,2,0.022uF,5%,500V
capacitor,capacitor_0.022uF_50_chip_capacitor_1825V,C,chip_capacitor_1825,Capacitor 0.022uF 5% 50V,"capacitor,smd",1,2,0.022uF,5%,50V
capacitor,capacitor_0.022uF_100_chip_capacitor_1825V,C,chip_capacitor_1825,Capacitor 0.022uF 5% 100V,"capacitor,smd",1,2,0.022uF,5%,100V
capacitor,capacitor_0.022uF_200_chip_capacitor_1825V,C,chip_capacitor_1825,Capacitor 0.022uF 5% 200V,"capacitor,smd",1,2,0.022uF,5%,200V
capacitor,capacitor_0.022uF_50_chip_capacitor_2220V,C,chip_capacitor_2220,Capacitor 0.022uF 5% 50V,"capacitor,smd",1,2,0.022uF,5%,50V
capacitor,capacitor_0.022uF_100_chip_capacitor_2220V,C,chip_capacitor_2220,Capacitor 0.022uF 5% 100V,"capacitor,smd",1,2,0.022uF,5%,100V
capacitor,capacitor_0.022uF_200_chip_capacitor_2220V,C,chip_capacitor_2220,Capacitor 0.022uF 5% 200V,"capacitor,smd",1,2,0.022uF,5%,200V
capacitor,capacitor_0.022uF_500_chip_capacitor_2220V,C,chip_capacitor_2220,Capacitor 0.022uF 5% 500V,"capacitor,smd",1,2,0.022uF,5%,500V
capacitor,capacitor_0.022uF_50_chip_capacitor_2225V,C,chip_capacitor_2225,Capacitor 0.022uF 5% 50V,"capacitor,smd",1,2,0.022uF,5%,50V
capacitor,capacitor_0.022uF_100_chip_capacitor_2225V,C,chip_capacitor_2225,Capacitor 0.022uF 5% 100V,"capacitor,smd",1,2,0.022uF,5%,100V
capacitor,capacitor_0.022uF_200_chip_capacitor_2225V,C,chip_capacitor_2225,Capacitor 0.022uF 5% 200V,"capacitor,smd",1,2,0.022uF,5%,200V
capacitor,capacitor_0.033uF_10_chip_capacitor_402V,C,chip_capacitor_402,Capacitor 0.033uF 5% 10V,"capacitor,smd",1,2,0.033uF,5%,10V
capacitor,capacitor_0.033uF_16_chip_capacitor_402V,C,chip_capacitor_402,Capacitor 0.033uF 5% 16V,"capacitor,smd",1,2,0.033uF,5%,16V
capacitor,capacitor_0.033uF_25_chip_capacitor_402V,C,chip_capacitor_402,Capacitor 0.033uF 5% 25V,"capacitor,smd",1,2,0.033uF,5%,25V
capacitor,capacitor_0.033uF_25_chip_capacitor_603V,C,chip_capacitor_603,Capacitor 0.033uF 5% 25V,"capacitor,smd",1,2,0.033uF,5%,25V
capacitor,capacitor_0.033uF_50_chip_capacitor_603V,C,chip_capacitor_603,Capacitor 0.033uF 5% 50V,"capacitor,smd",1,2,0.033uF,5%,50V
capacitor,capacitor_0.033uF_10_chip_capacitor_805V,C,chip_capacitor_805,Capacitor 0.033uF 5% 10V,"capacitor,smd",1,2,0.033uF,5%,10V
capacitor,capacitor_0.033uF_16_chip_capacitor_805V,C,chip_capacitor_805,Capacitor 0.033uF 5% 16V,"capacitor,smd",1,2,0.033uF,5%,16V
capacitor,capacitor_0.033uF_25_chip_capacitor_805V,C,chip_capacitor_805,Capacitor 0.033uF 5% 25V,"capacitor,smd",1,2,0.033uF,5%,25V
capacitor,capacitor_0.033uF_50_chip_capacitor_805V,C,chip_capacitor_805,Capacitor 0.033uF 5% 50V,"capacitor,smd",1,2,0.033uF,5%,50V
capacitor,capacitor_0.033uF_100_chip_capacitor_805V,C,chip_capacitor_805,Capacitor 0.033uF 5% 100V,"capacitor,smd",1,2,0.033uF,5%,100V
capacitor,capacitor_0.033uF_10_chip_capacitor_1206V,C,chip_capacitor_1206,Capacitor 0.033uF 5% 10V,"capacitor,smd",1,2,0.033uF,5%,10V
capacitor,capacitor_0.033uF_16_chip_capacitor_1206V,C,chip_capacitor_1206,Capacitor 0.033uF 5% 16V,"capacitor,smd",1,2,0.033uF,5%,16V
capacitor,capacitor_0.033uF_25_chip_capacitor_1206V,C,chip_capacitor_1206,Capacitor 0.033uF 5% 25V,"capacitor,smd",1,2,0.033uF,5%,25V
capacitor,capacitor_0.033uF_50_chip_capacitor_1206V,C,chip_capacitor_1206,Capacitor 0.033uF 5% 50V,"capacitor,smd",1,2,0.033uF,5%,50V
capacitor,capacitor_0.033uF_100_chip_capacitor_1206V,C,chip_capacitor_1206,Capacitor 0.033uF 5% 100V,"capacitor,smd",1,2,0.033uF,5%,100V
capacitor,capacitor_0.033uF_200_chip_capacitor_1206V,C,chip_capacitor_1206,Capacitor 0.033uF 5% 200V,"capacitor,smd",1,2,0.033uF,5%,200V
capacitor,capacitor_0.033uF_10_chip_capacitor_1210V,C,chip_capacitor_1210,Capacitor 0.033uF 5% 10V,"capacitor,smd",1,2,0.033uF,5%,10V
capacitor,capacitor_0.033uF_16_chip_capacitor_1210V,C,chip_capacitor_1210,Capacitor 0.033uF 5% 16V,"capacitor,smd",1,2,0.033uF,5%,16V
capacitor,capacitor_0.033uF_25_chip_capacitor_1210V,C,chip_capacitor_1210,Capacitor 0.033uF 5% 25V,"capacitor,smd",1,2,0.033uF,5%,25V
capacitor,capacitor_0.033uF_50_chip_capacitor_1210V,C,chip_capacitor_1210,Capacitor 0.033uF 5% 50V,"capacitor,smd",1,2,0.033uF,5%,50V
capacitor,capacitor_0.033uF_100_chip_capacitor_1210V,C,chip_capacitor_1210,Capacitor 0.033uF 5% 100V,"capacitor,smd",1,2,0.033uF,5%,100V
capacitor,capacitor_0.033uF_200_chip_capacitor_1210V,C,chip_capacitor_1210,Capacitor 0.033uF 5% 200V,"capacitor,smd",1,2,0.033uF,5%,200V
capacitor,capacitor_0.033uF_500_chip_capacitor_1210V,C,chip_capacitor_1210,Capacitor 0.033uF 5% 500V,"capacitor,smd",1,2,0.033uF,5%,500V
capacitor,capacitor_0.033uF_25_chip_capacitor_1812V,C,chip_capacitor_1812,Capacitor 0.033uF 5% 25V,"capacitor,smd",1,2,0.033uF,5%,25V
capacitor,capacitor_0.033uF_50_chip_capacitor_1812V,C,chip_capacitor_1812,Capacitor 0.033uF 5% 50V,"capacitor,smd",1,2,0.033uF,5%,50V
capacitor,capacitor_0.033uF_100_chip_capacitor_1812V,C,chip_capacitor_1812,Capacitor 0.033uF 5% 100V,"capacitor,smd",1,2,0.033uF,5%,100V
capacitor,capacitor_0.033uF_200_chip_capacitor_1812V,C,chip_capacitor_1812,Capacitor 0.033uF 5% 200V,"capacitor,smd",1,2,0.033uF,5%,200V
capacitor,capacitor_0.033uF_500_chip_capacitor_1812V,C,chip_capacitor_1812,Capacitor 0.033uF 5% 500V,"capacitor,smd",1,2,0.033uF,5%,500V
capacitor,capacitor_0.033uF_50_chip_capacitor_1825V,C,chip_capacitor_1825,Capacitor 0.033uF 5% 50V,"capacitor,smd",1,2,0.033uF,5%,50V
capacitor,capacitor_0.033uF_100_chip_capacitor_1825V,C,chip_capacitor_1825,Capacitor 0.033uF 5% 100V,"capacitor,smd",1,2,0.033uF,5%,100V
capacitor,capacitor_0.033uF_200_chip_capacitor_1825V,C,chip_capacitor_1825,Capacitor 0.033uF 5% 200V,"capacitor,smd",1,2,0.033uF,5%,200V
capacitor,capacitor_0.033uF_50_chip_capacitor_2220V,C,chip_capacitor_2220,Capacitor 0.033uF 5% 50V,"capacitor,smd",1,2,0.033uF,5%,50V
capacitor,capacitor_0.033uF_100_chip_capacitor_2220V,C,chip_capacitor_2220,Capacitor 0.033uF 5% 100V,"capacitor,smd",1,2,0.033uF,5%,100V
capacitor,capacitor_0.033uF_200_chip_capacitor_2220V,C,chip_capacitor_2220,Capacitor 0.033uF 5% 200V,"capacitor,smd",1,2,0.033uF,5%,200V
capacitor,capacitor_0.033uF_500_chip_capacitor_2220V,C,chip_capacitor_2220,Capacitor 0.033uF 5% 500V,"capacitor,smd",1,2,0.033uF,5%,500V
capacitor,capacitor_0.033uF_50_chip_capacitor_2225V,C,chip_capacitor_2225,Capacitor 0.033uF 5% 50V,"capacitor,smd",1,2,0.033uF,5%,50V
capacitor,capacitor_0.033uF_100_chip_capacitor_2225V,C,chip_capacitor_2225,Capacitor 0.033uF 5% 100V,"capacitor,smd",1,2,0.033uF,5%,100V
capacitor,capacitor_0.033uF_200_chip_capacitor_2225V,C,chip_capacitor_2225,Capacitor 0.033uF 5% 200V,"capacitor,smd",1,2,0.033uF,5%,200V
capacitor,capacitor_0.047uF_10_chip_capacitor_402V,C,chip_capacitor_402,Capacitor 0.047uF 5% 10V,"capacitor,smd",1,2,0.047uF,5%,10V
capacitor,capacitor_0.047uF_16_chip_capacitor_402V,C,chip_capacitor_402,Capacitor 0.047uF 5% 16V,"capacitor,smd",1,2,0.047uF,5%,16V
capacitor,capacitor_0.047uF_25_chip_capacitor_402V,C,chip_capacitor_402,Capacitor 0.047uF 5% 25V,"capacitor,smd",1,2,0.047uF,5%,25V
capacitor,capacitor_0.047uF_16_chip_capacitor_603V,C,chip_capacitor_603,Capacitor 0.047uF 5% 16V,"capacitor,smd",1,2,0.047uF,5%,16V
capacitor,capacitor_0.047uF_25_chip_capacitor_603V,C,chip_capacitor_603,Capacitor 0.047uF 5% 25V,"capacitor,smd",1,2,0.047uF,5%,25V
capacitor,capacitor_0.047uF_50_chip_capacitor_603V,C,chip_capacitor_603,Capacitor 0.047uF 5% 50V,"capacitor,smd",1,2,0.047uF,5%,50V
capacitor,capacitor_0.047uF_10_chip_capacitor_805V,C,chip_capacitor_805,Capacitor 0.047uF 5% 10V,"capacitor,smd",1,2,0.047uF,5%,10V
capacitor,capacitor_0.047uF_16_chip_capacitor_805V,C,chip_capacitor_805,Capacitor 0.047uF 5% 16V,"capacitor,smd",1,2,0.047uF,5%,16V
capacitor,capacitor_0.047uF_25_chip_capacitor_805V,C,chip_capacitor_805,Capacitor 0.047uF 5% 25V,"capacitor,smd",1,2,0.047uF,5%,25V
capacitor,capacitor_0.047uF_50_chip_capacitor_805V,C,chip_capacitor_805,Capacitor 0.047uF 5% 50V,"capacitor,smd",1,2,0.047uF,5%,50V
capacitor,capacitor_0.047uF_100_chip_capacitor_805V,C,chip_capacitor_805,Capacitor 0.047uF 5% 100V,"capacitor,smd",1,2,0.047uF,5%,100V
capacitor,capacitor_0.047uF_10_chip_capacitor_1206V,C,chip_capacitor_1206,Capacitor 0.047uF 5% 10V,"capacitor,smd",1,2,0.047uF,5%,10V
capacitor,capacitor_0.047uF_16_chip_capacitor_1206V,C,chip_capacitor_1206,Capacitor 0.047uF 5% 16V,"capacitor,smd",1,2,0.047uF,5%,16V
capacitor,capacitor_0.047uF_25_chip_capacitor_1206V,C,chip_capacitor_1206,Capacitor 0.047uF 5% 25V,"capacitor,smd",1,2,0.047uF,5%,25V
capacitor,capacitor_0.047uF_50_chip_capacitor_1206V,C,chip_capacitor_1206,Capacitor 0.047uF 5% 50V,"capacitor,smd",1,2,0.047uF,5%,50V
capacitor,capacitor_0.047uF_100_chip_capacitor_1206V,C,chip_capacitor_1206,Capacitor 0.047uF 5% 100V,"capacitor,smd",1,2,0.047uF,5%,100V
capacitor,capacitor_0.047uF_200_chip_capacitor_1206V,C,chip_capacitor_1206,Capacitor 0.047uF 5% 200V,"capacitor,smd",1,2,0.047uF,5%,200V
capacitor,capacitor_0.047uF_10_chip_capacitor_1210V,C,chip_capacitor_1210,Capacitor 0.047uF 5% 10V,"capacitor,smd",1,2,0.047uF,5%,10V
capacitor,capacitor_0.047uF_16_chip_capacitor_1210V,C,chip_capacitor_1210,Capacitor 0.047uF 5% 16V,"capacitor,smd",1,2,0.047uF,5%,16V
capacitor,capacitor_0.047uF_25_chip_capacitor_1210V,C,chip_capacitor_1210,Capacitor 0.047uF 5% 25V,"capacitor,smd",1,2,0.047uF,5%,25V
capacitor,capacitor_0.047uF_50_chip_capacitor_1210V,C,chip_capacitor_1210,Capacitor 0.047uF 5% 50V,"capacitor,smd",1,2,0.047uF,5%,50V
capacitor,capacitor_0.047uF_100_chip_capacitor_1210V,C,chip_capacitor_1210,Capacitor 0.047uF 5% 100V,"capacitor,smd",1,2,0.047uF,5%,100V
capacitor,capacitor_0.047uF_200_chip_capacitor_1210V,C,chip_capacitor_1210,Capacitor 0.047uF 5% 200V,"capacitor,smd",1,2,0.047uF,5%,200V
capacitor,capacitor_0.047uF_500_chip_capacitor_1210V,C,chip_capacitor_1210,Capacitor 0.047uF 5% 500V,"capacitor,smd",1,2,0.047uF,5%,500V
capacitor,capacitor_0.047uF_25_chip_capacitor_1812V,C,chip_capacitor_1812,Capacitor 0.047uF 5% 25V,"capacitor,smd",1,2,0.047uF,5%,25V
capacitor,capacitor_0.047uF_50_chip_capacitor_1812V,C,chip_capacitor_1812,Capacitor 0.047uF 5% 50V,"capacitor,smd",1,2,0.047uF,5%,50V
capacitor,capacitor_0.047uF_100_chip_capacitor_1812V,C,chip_capacitor_1812,Capacitor 0.047uF 5% 100V,"capacitor,smd",1,2,0.047uF,5%,100V
capacitor,capacitor_0.047uF_200_chip_capacitor_1812V,C,chip_capacitor_1812,Capacitor 0.047uF 5% 200V,"capacitor,smd",1,2,0.047uF,5%,200V
capacitor,capacitor_0.047uF_500_chip_capacitor_1812V,C,chip_capacitor_1812,Capacitor 0.047uF 5% 500V,"capacitor,smd",1,2,0.047uF,5%,500V
capacitor,capacitor_0.047uF_50_chip_capacitor_1825V,C,chip_capacitor_1825,Capacitor 0.047uF 5% 50V,"capacitor,smd",1,2,0.047uF,5%,50V
capacitor,capacitor_0.047uF_100_chip_capacitor_1825V,C,chip_capacitor_1825,Capacitor 0.047uF 5% 100V,"capacitor,smd",1,2,0.047uF,5%,100V
capacitor,capacitor_0.047uF_200_chip_capacitor_1825V,C,chip_capacitor_1825,Capacitor 0.047uF 5% 200V,"capacitor,smd",1,2,0.047uF,5%,200V
capacitor,capacitor_0.047uF_50_chip_capacitor_2220V,C,chip_capacitor_2220,Capacitor 0.047uF 5% 50V,"capacitor,smd",1,2,0.047uF,5%,50V
capacitor,capacitor_0.047uF_100_chip_capacitor_2220V,C,chip_capacitor_2220,Capacitor 0.047uF 5% 100V,"capacitor,smd",1,2,0.047uF,5%,100V
capacitor,capacitor_0.047uF_200_chip_capacitor_2220V,C,chip_capacitor_2220,Capacitor 0.047uF 5% 200V,"capacitor,smd",1,2,0.047uF,5%,200V
capacitor,capacitor_0.047uF_500_chip_capacitor_2220V,C,chip_capacitor_2220,Capacitor 0.047uF 5% 500V,"capacitor,smd",1,2,0.047uF,5%,500V
capacitor,capacitor_0.047uF_50_chip_capacitor_2225V,C,chip_capacitor_2225,Capacitor 0.047uF 5% 50V,"capacitor,smd",1,2,0.047uF,5%,50V
capacitor,capacitor_0.047uF_100_chip_capacitor_2225V,C,chip_capacitor_2225,Capacitor 0.047uF 5% 100V,"capacitor,smd",1,2,0.047uF,5%,100V
capacitor,capacitor_0.047uF_200_chip_capacitor_2225V,C,chip_capacitor_2225,Capacitor 0.047uF 5% 200V,"capacitor,smd",1,2,0.047uF,5%,200V
capacitor,capacitor_0.068uF_10_chip_capacitor_402V,C,chip_capacitor_402,Capacitor 0.068uF 5% 10V,"capacitor,smd",1,2,0.068uF,5%,10V
capacitor,capacitor_0.068uF_16_chip_capacitor_402V,C,chip_capacitor_402,Capacitor 0.068uF 5% 16V,"capacitor,smd",1,2,0.068uF,5%,16V
capacitor,capacitor_0.068uF_25_chip_capacitor_402V,C,chip_capacitor_402,Capacitor 0.068uF 5% 25V,"capacitor,smd",1,2,0.068uF,5%,25V
capacitor,capacitor_0.068uF_16_chip_capacitor_603V,C,chip_capacitor_603,Capacitor 0.068uF 5% 16V,"capacitor,smd",1,2,0.068uF,5%,16V
capacitor,capacitor_0.068uF_25_chip_capacitor_603V,C,chip_capacitor_603,Capacitor 0.068uF 5% 25V,"capacitor,smd",1,2,0.068uF,5%,25V
capacitor,capacitor_0.068uF_50_chip_capacitor_603V,C,chip_capacitor_603,Capacitor 0.068uF 5% 50V,"capacitor,smd",1,2,0.068uF,5%,50V
capacitor,capacitor_0.068uF_10_chip_capacitor_805V,C,chip_capacitor_805,Capacitor 0.068uF 5% 10V,"capacitor,smd",1,2,0.068uF,5%,10V
capacitor,capacitor_0.068uF_16_chip_capacitor_805V,C,chip_capacitor_805,Capacitor 0.068uF 5% 16V,"capacitor,smd",1,2,0.068uF,5%,16V
capacitor,capacitor_0.068uF_25_chip_capacitor_805V,C,chip_capacitor_805,Capacitor 0.068uF 5% 25V,"capacitor,smd",1,2,0.068uF,5%,25V
capacitor,capacitor_0.068uF_50_chip_capacitor_805V,C,chip_capacitor_805,Capacitor 0.068uF 5% 50V,"capacitor,smd",1,2,0.068uF,5%,50V
capacitor,capacitor_0.068uF_100_chip_capacitor_805V,C,chip_capacitor_805,Capacitor 0.068uF 5% 100V,"capacitor,smd",1,2,0.068uF,5%,100V
capacitor,capacitor_0.068uF_10_chip_capacitor_1206V,C,chip_capacitor_1206,Capacitor 0.068uF 5% 10V,"capacitor,smd",1,2,0.068uF,5%,10V
capacitor,capacitor_0.068uF_16_chip_capacitor_1206V,C,chip_capacitor_1206,Capacitor 0.068uF 5% 16V,"capacitor,smd",1,2,0.068uF,5%,16V
capacitor,capacitor_0.068uF_25_chip_capacitor_1206V,C,chip_capacitor_1206,Capacitor 0.068uF 5% 25V,"capacitor,smd",1,2,0.068uF,5%,25V
capacitor,capacitor_0.068uF_50_chip_capacitor_1206V,C,chip_capacitor_1206,Capacitor 0.068uF 5% 50V,"capacitor,smd",1,2,0.068uF,5%,50V
capacitor,capacitor_0.068uF_100_chip_capacitor_1206V,C,chip_capacitor_1206,Capacitor 0.068uF 5% 100V,"capacitor,smd",1,2,0.068uF,5%,100V
capacitor,capacitor_0.068uF_200_chip_capacitor_1206V,C,chip_capacitor_1206,Capacitor 0.068uF 5% 200V,"capacitor,smd",1,2,0.068uF,5%,200V
capacitor,capacitor_0.068uF_10_chip_capacitor_1210V,C,chip_capacitor_1210,Capacitor 0.068uF 5% 10V,"capacitor,smd",1,2,0.068uF,5%,10V
capacitor,capacitor_0.068uF_16_chip_capacitor_1210V,C,chip_capacitor_1210,Capacitor 0.068uF 5% 16V,"capacitor,smd",1,2,0.068uF,5%,16V
capacitor,capacitor_0.068uF_25_chip_capacitor_1210V,C,chip_capacitor_1210,Capacitor 0.068uF 5% 25V,"capacitor,smd",1,2,0.068uF,5%,25V
capacitor,capacitor_0.068uF_50_chip_capacitor_1210V,C,chip_capacitor_1210,Capacitor 0.068uF 5% 50V,"capacitor,smd",1,2,0.068uF,5%,50V
capacitor,capacitor_0.068uF_100_chip_capacitor_1210V,C,chip_capacitor_1210,Capacitor 0.068uF 5% 100V,"capacitor,smd",1,2,0.068uF,5%,100V
capacitor,capacitor_0.068uF_200_chip_capacitor_1210V,C,chip_capacitor_1210,Capacitor 0.068uF 5% 200V,"capacitor,smd",1,2,0.068uF,5%,200V
capacitor,capacitor_0.068uF_500_chip_capacitor_1210V,C,chip_capacitor_1210,Capacitor 0.068uF 5% 500V,"capacitor,smd",1,2,0.068uF,5%,500V
capacitor,capacitor_0.068uF_25_chip_capacitor_1812V,C,chip_capacitor_1812,Capacitor 0.068uF 5% 25V,"capacitor,smd",1,2,0.068uF,5%,25V
capacitor,capacitor_0.068uF_50_chip_capacitor_1812V,C,chip_capacitor_1812,Capacitor 0.068uF 5% 50V,"capacitor,smd",1,2,0.068uF,5%,50V
capacitor,capacitor_0.068uF_100_chip_capacitor_1812V,C,chip_capacitor_1812,Capacitor 0.068uF 5% 100V,"capacitor,smd",1,2,0.068uF,5%,100V
capacitor,capacitor_0.068uF_200_chip_capacitor_1812V,C,chip_capacitor_1812,Capacitor 0.068uF 5% 200V,"capacitor,smd",1,2,0.068uF,5%,200V
capacitor,capacitor_0.068uF_500_chip_capacitor_1812V,C,chip_capacitor_1812,Capacitor 0.068uF 5% 500V,"capacitor,smd",1,2,0.068uF,5%,500V
capacitor,capacitor_0.068uF_50_chip_capacitor_1825V,C,chip_capacitor_1825,Capacitor 0.068uF 5% 50V,"capacitor,smd",1,2,0.068uF,5%,50V
capacitor,capacitor_0.068uF_100_chip_capacitor_1825V,C,chip_capacitor_1825,Capacitor 0.068uF 5% 100V,"capacitor,smd",1,2,0.068uF,5%,100V
capacitor,capacitor_0.068uF_200_chip_capacitor_1825V,C,chip_capacitor_1825,Capacitor 0.068uF 5% 200V,"capacitor,smd",1,2,0.068uF,5%,200V
capacitor,capacitor_0.068uF_50_chip_capacitor_2220V,C,chip_capacitor_2220,Capacitor 0.068uF 5% 50V,"capacitor,smd",1,2,0.068uF,5%,50V
capacitor,capacitor_0.068uF_100_chip_capacitor_2220V,C,chip_capacitor_2220,Capacitor 0.068uF 5% 100V,"capacitor,smd",1,2,0.068uF,5%,100V
capacitor,capacitor_0.068uF_200_chip_capacitor_2220V,C,chip_capacitor_2220,Capacitor 0.068uF 5% 200V,"capacitor,smd",1,2,0.068uF,5%,200V
capacitor,capacitor_0.068uF_500_chip_capacitor_2220V,C,chip_capacitor_2220,Capacitor 0.068uF 5% 500V,"capacitor,smd",1,2,0.068uF,5%,500V
capacitor,capacitor_0.068uF_50_chip_capacitor_2225V,C,chip_capacitor_2225,Capacitor 0.068uF 5% 50V,"capacitor,smd",1,2,0.068uF,5%,50V
capacitor,capacitor_0.068uF_100_chip_capacitor_2225V,C,chip_capacitor_2225,Capacitor 0.068uF 5% 100V,"capacitor,smd",1,2,0.068uF,5%,100V
capacitor,capacitor_0.068uF_200_chip_capacitor_2225V,C,chip_capacitor_2225,Capacitor 0.068uF 5% 200V,"capacitor,smd",1,2,0.068uF,5%,200V
capacitor,capacitor_0.1uF_10_chip_capacitor_402V,C,chip_capacitor_402,Capacitor 0.1uF 5% 10V,"capacitor,smd",1,2,0.1uF,5%,10V
capacitor,capacitor_0.1uF_16_chip_capacitor_402V,C,chip_capacitor_402,Capacitor 0.1uF 5% 16V,"capacitor,smd",1,2,0.1uF,5%,16V
capacitor,capacitor_0.1uF_25_chip_capacitor_402V,C,chip_capacitor_402,Capacitor 0.1uF 5% 25V,"capacitor,smd",1,2,0.1uF,5%,25V
capacitor,capacitor_0.1uF_10_chip_capacitor_603V,C,chip_capacitor_603,Capacitor 0.1uF 5% 10V,"capacitor,smd",1,2,0.1uF,5%,10V
capacitor,capacitor_0.1uF_16_chip_capacitor_603V,C,chip_capacitor_603,Capacitor 0.1uF 5% 16V,"capacitor,smd",1,2,0.1uF,5%,16V
capacitor,capacitor_0.1uF_25_chip_capacitor_603V,C,chip_capacitor_603,Capacitor 0.1uF 5% 25V,"capacitor,smd",1,2,0.1uF,5%,25V
capacitor,capacitor_0.1uF_50_chip_capacitor_603V,C,chip_capacitor_603,Capacitor 0.1uF 5% 50V,"capacitor,smd",1,2,0.1uF,5%,50V
capacitor,capacitor_0.1uF_10_chip_capacitor_805V,C,chip_capacitor_805,Capacitor 0.1uF 5% 10V,"capacitor,smd",1,2,0.1uF,5%,10V
capacitor,capacitor_0.1uF_16_chip_capacitor_805V,C,chip_capacitor_805,Capacitor 0.1uF 5% 16V,"capacitor,smd",1,2,0.1uF,5%,16V
capacitor,capacitor_0.1uF_25_chip_capacitor_805V,C,chip_capacitor_805,Capacitor 0.1uF 5% 25V,"capacitor,smd",1,2,0.1uF,5%,25V
capacitor,capacitor_0.1uF_50_chip_capacitor_805V,C,chip_capacitor_805,Capacitor 0.1uF 5% 50V,"capacitor,smd",1,2,0.1uF,5%,50V
capacitor,capacitor_0.1uF_100_chip_capacitor_805V,C,chip_capacitor_805,Capacitor 0.1uF 5% 100V,"capacitor,smd",1,2,0.1uF,5%,100V
capacitor,capacitor_0.1uF_10_chip_capacitor_1206V,C,chip_capacitor_1206,Capacitor 0.1uF 5% 10V,"capacitor,smd",1,2,0.1uF,5%,10V
capacitor,capacitor_0.1uF_16_chip_capacitor_1206V,C,chip_capacitor_1206,Capacitor 0.1uF 5% 16V,"capacitor,smd",1,2,0.1uF,5%,16V
capacitor,capacitor_0.1uF_25_chip_capacitor_1206V,C,chip_capacitor_1206,Capacitor 0.1uF 5% 25V,"capacitor,smd",1,2,0.1uF,5%,25V
capacitor,capacitor_0.1uF_50_chip_capacitor_1206V,C,chip_capacitor_1206,Capacitor 0.1uF 5% 50V,"capacitor,smd",1,2,0.1uF,5%,50V
capacitor,capacitor_0.1uF_100_chip_capacitor_1206V,C,chip_capacitor_1206,Capacitor 0.1uF 5% 100V,"capacitor,smd",1,2,0.1uF,5%,100V
capacitor,capacitor_0.1uF_200_chip_capacitor_1206V,C,chip_capacitor_1206,Capacitor 0.1uF 5% 200V,"capacitor,smd",1,2,0.1uF,5%,200V
capacitor,capacitor_0.1uF_10_chip_capacitor_1210V,C,chip_capacitor_1210,Capacitor 0.1uF 5% 10V,"capacitor,smd",1,2,0.1uF,5%,10V
capacitor,capacitor_0.1uF_16_chip_capacitor_1210V,C,chip_capacitor_1210,Capacitor 0.1uF 5% 16V,"capacitor,smd",1,2,0.1uF,5%,16V
capacitor,capacitor_0.1uF_25_chip_capacitor_1210V,C,chip_capacitor_1210,Capacitor 0.1uF 5% 25V,"capacitor,smd",1,2,0.1uF,5%,25V
capacitor,capacitor_0.1uF_50_chip_capacitor_1210V,C,chip_capacitor_1210,Capacitor 0.1uF 5% 50V,"capacitor,smd",1,2,0.1uF,5%,50V
capacitor,capacitor_0.1uF_100_chip_capacitor_1210V,C,chip_capacitor_1210,Capacitor 0.1uF 5% 100V,"capacitor,smd",1,2,0.1uF,5%,100V
capacitor,capacitor_0.1uF_200_chip_capacitor_1210V,C,chip_capacitor_1210,Capacitor 0.1uF 5% 200V,"capacitor,smd",1,2,0.1uF,5%,200V
capacitor,capacitor_0.1uF_25_chip_capacitor_1812V,C,chip_capacitor_1812,Capacitor 0.1uF 5% 25V,"capacitor,smd",1,2,0.1uF,5%,25V
capacitor,capacitor_0.1uF_50_chip_capacitor_1812V,C,chip_capacitor_1812,Capacitor 0.1uF 5% 50V,"capacitor,smd",1,2,0.1uF,5%,50V
capacitor,capacitor_0.1uF_100_chip_capacitor_1812V,C,chip_capacitor_1812,Capacitor 0.1uF 5% 100V,"capacitor,smd",1,2,0.1uF,5%,100V
capacitor,capacitor_0.1uF_200_chip_capacitor_1812V,C,chip_capacitor_1812,Capacitor 0.1uF 5% 200V,"capacitor,smd",1,2,0.1uF,5%,200V
capacitor,capacitor_0.1uF_500_chip_capacitor_1812V,C,chip_capacitor_1812,Capacitor 0.1uF 5% 500V,"capacitor,smd",1,2,0.1uF,5%,500V
capacitor,capacitor_0.1uF_50_chip_capacitor_1825V,C,chip_capacitor_1825,Capacitor 0.1uF 5% 50V,"capacitor,smd",1,2,0.1uF,5%,50V
capacitor,capacitor_0.1uF_100_chip_capacitor_1825V,C,chip_capacitor_1825,Capacitor 0.1uF 5% 100V,"capacitor,smd",1,2,0.1uF,5%,100V
capacitor,capacitor_0.1uF_200_chip_capacitor_1825V,C,chip_capacitor_1825,Capacitor 0.1uF 5% 200V,"capacitor,smd",1,2,0.1uF,5%,200V
capacitor,capacitor_0.1uF_50_chip_capacitor_2220V,C,chip_capacitor_2220,Capacitor 0.1uF 5% 50V,"capacitor,smd",1,2,0.1uF,5%,50V
capacitor,capacitor_0.1uF_100_chip_capacitor_2220V,C,chip_capacitor_2220,Capacitor 0.1uF 5% 100V,"capacitor,smd",1,2,0.1uF,5%,100V
capacitor,capacitor_0.1uF_200_chip_capacitor_2220V,C,chip_capacitor_2220,Capacitor 0.1uF 5% 200V,"capacitor,smd",1,2,0.1uF,5%,200V
capacitor,capacitor_0.1uF_500_chip_capacitor_2220V,C,chip_capacitor_2220,Capacitor 0.1uF 5% 500V,"capacitor,smd",1,2,0.1uF,5%,500V
capacitor,capacitor_0.1uF_50_chip_capacitor_2225V,C,chip_capacitor_2225,Capacitor 0.1uF 5% 50V,"capacitor,smd",1,2,0.1uF,5%,50V
capacitor,capacitor_0.1uF_100_chip_capacitor_2225V,C,chip_capacitor_2225,Capacitor 0.1uF 5% 100V,"capacitor,smd",1,2,0.1uF,5%,100V
capacitor,capacitor_0.1uF_200_chip_capacitor_2225V,C,chip_capacitor_2225,Capacitor 0.1uF 5% 200V,"capacitor,smd",1,2,0.1uF,5%,200V
capacitor,capacitor_0.015uF_6.3_chip_capacitor_603V,C,chip_capacitor_603,Capacitor 0.015uF 5% 6.3V,"capacitor,smd",1,2,0.015uF,5%,6.3V
capacitor,capacitor_0.015uF_10_chip_capacitor_603V,C,chip_capacitor_603,Capacitor 0.015uF 5% 10V,"capacitor,smd",1,2,0.015uF,5%,10V
capacitor,capacitor_0.015uF_16_chip_capacitor_603V,C,chip_capacitor_603,Capacitor 0.015uF 5% 16V,"capacitor,smd",1,2,0.015uF,5%,16V
capacitor,capacitor_0.22uF_6.3_chip_capacitor_603V,C,chip_capacitor_603,Capacitor 0.22uF 5% 6.3V,"capacitor,smd",1,2,0.22uF,5%,6.3V
capacitor,capacitor_0.22uF_10_chip_capacitor_603V,C,chip_capacitor_603,Capacitor 0.22uF 5% 10V,"capacitor,smd",1,2,0.22uF,5%,10V
capacitor,capacitor_0.22uF_16_chip_capacitor_603V,C,chip_capacitor_603,Capacitor 0.22uF 5% 16V,"capacitor,smd",1,2,0.22uF,5%,16V
capacitor,capacitor_0.22uF_25_chip_capacitor_603V,C,chip_capacitor_603,Capacitor 0.22uF 5% 25V,"capacitor,smd",1,2,0.22uF,5%,25V
capacitor,capacitor_0.22uF_10_chip_capacitor_805V,C,chip_capacitor_805,Capacitor 0.22uF 5% 10V,"capacitor,smd",1,2,0.22uF,5%,10V
capacitor,capacitor_0.22uF_16_chip_capacitor_805V,C,chip_capacitor_805,Capacitor 0.22uF 5% 16V,"capacitor,smd",1,2,0.22uF,5%,16V
capacitor,capacitor_0.22uF_25_chip_capacitor_805V,C,chip_capacitor_805,Capacitor 0.22uF 5% 25V,"capacitor,smd",1,2,0.22uF,5%,25V
capacitor,capacitor_0.22uF_50_chip_capacitor_805V,C,chip_capacitor_805,Capacitor 0.22uF 5% 50V,"capacitor,smd",1,2,0.22uF,5%,50V
capacitor,capacitor_0.22uF_100_chip_capacitor_805V,C,chip_capacitor_805,Capacitor 0.22uF 5% 100V,"capacitor,smd",1,2,0.22uF,5%,100V
capacitor,capacitor_0.22uF_10_chip_capacitor_1206V,C,chip_capacitor_1206,Capacitor 0.22uF 5% 10V,"capacitor,smd",1,2,0.22uF,5%,10V
capacitor,capacitor_0.22uF_16_chip_capacitor_1206V,C,chip_capacitor_1206,Capacitor 0.22uF 5% 16V,"capacitor,smd",1,2,0.22uF,5%,16V
capacitor,capacitor_0.22uF_25_chip_capacitor_1206V,C,chip_capacitor_1206,Capacitor 0.22uF 5% 25V,"capacitor,smd",1,2,0.22uF,5%,25V
capacitor,capacitor_0.22uF_50_chip_capacitor_1206V,C,chip_capacitor_1206,Capacitor 0.22uF 5% 50V,"capacitor,smd",1,2,0.22uF,5%,50V
capacitor,capacitor_0.22uF_100_chip_capacitor_1206V,C,chip_capacitor_1206,Capacitor 0.22uF 5% 100V,"capacitor,smd",1,2,0.22uF,5%,100V
capacitor,capacitor_0.22uF_10_chip_capacitor_1210V,C,chip_capacitor_1210,Capacitor 0.22uF 5% 10V,"capacitor,smd",1,2,0.22uF,5%,10V
capacitor,capacitor_0.22uF_16_chip_capacitor_1210V,C,chip_capacitor_1210,Capacitor 0.22uF 5% 16V,"capacitor,smd",1,2,0.22uF,5%,16V
capacitor,capacitor_0.22uF_25_chip_capacitor_1210V,C,chip_capacitor_1210,Capacitor 0.22uF 5% 25V,"capacitor,smd",1,2,0.22uF,5%,25V
capacitor,capacitor_0.22uF_50_chip_capacitor_1210V,C,chip_capacitor_1210,Capacitor 0.22uF 5% 50V,"capacitor,smd",1,2,0.22uF,5%,50V
capacitor,capacitor_0.22uF_100_chip_capacitor_1210V,C,chip_capacitor_1210,Capacitor 0.22uF 5% 100V,"capacitor,smd",1,2,0.22uF,5%,100V
capacitor,capacitor_0.22uF_200_chip_capacitor_1210V,C,chip_capacitor_1210,Capacitor 0.22uF 5% 200V,"capacitor,smd",1,2,0.22uF,5%,200V
capacitor,capacitor_0.22uF_25_chip_capacitor_1812V,C,chip_capacitor_1812,Capacitor 0.22uF 5% 25V,"capacitor,smd",1,2,0.22uF,5%,25V
capacitor,capacitor_0.22uF_50_chip_capacitor_1812V,C,chip_capacitor_1812,Capacitor 0.22uF 5% 50V,"capacitor,smd",1,2,0.22uF,5%,50V
capacitor,capacitor_0.22uF_100_chip_capacitor_1812V,C,chip_capacitor_1812,Capacitor 0.22uF 5% 100V,"capacitor,smd",1,2,0.22uF,5%,100V
capacitor,capacitor_0.22uF_200_chip_capacitor_1812V,C,chip_capacitor_1812,Capacitor 0.22uF 5% 200V,"capacitor,smd",1,2,0.22uF,5%,200V
capacitor,capacitor_0.22uF_50_chip_capacitor_1825V,C,chip_capacitor_1825,Capacitor 0.22uF 5% 50V,"capacitor,smd",1,2,0.22uF,5%,50V
capacitor,capacitor_0.22uF_100_chip_capacitor_1825V,C,chip_capacitor_1825,Capacitor 0.22uF 5% 100V,"capacitor,smd",1,2,0.22uF,5%,100V
capacitor,capacitor_0.22uF_200_chip_capacitor_1825V,C,chip_capacitor_1825,Capacitor 0.22uF 5% 200V,"capacitor,smd",1,2,0.22uF,5%,200V
capacitor,capacitor_0.22uF_50_chip_capacitor_2220V,C,chip_capacitor_2220,Capacitor 0.22uF 5% 50V,"capacitor,smd",1,2,0.22uF,5%,50V
capacitor,capacitor_0.22uF_100_chip_capacitor_2220V,C,chip_capacitor_2220,Capacitor 0.22uF 5% 100V,"capacitor,smd",1,2,0.22uF,5%,100V
capacitor,capacitor_0.22uF_200_chip_capacitor_2220V,C,chip_capacitor_2220,Capacitor 0.22uF 5% 200V,"capacitor,smd",1,2,0.22uF,5%,200V
capacitor,capacitor_0.22uF_500_chip_capacitor_2220V,C,chip_capacitor_2220,Capacitor 0.22uF 5% 500V,"capacitor,smd",1,2,0.22uF,5%,500V
capacitor,capacitor_0.22uF_50_chip_capacitor_2225V,C,chip_capacitor_2225,Capacitor 0.22uF 5% 50V,"capacitor,smd",1,2,0.22uF,5%,50V
capacitor,capacitor_0.22uF_100_chip_capacitor_2225V,C,chip_capacitor_2225,Capacitor 0.22uF 5% 100V,"capacitor,smd",1,2,0.22uF,5%,100V
capacitor,capacitor_0.22uF_200_chip_capacitor_2225V,C,chip_capacitor_2225,Capacitor 0.22uF 5% 200V,"capacitor,smd",1,2,0.22uF,5%,200V
capacitor,capacitor_0.33uF_6.3_chip_capacitor_603V,C,chip_capacitor_603,Capacitor 0.33uF 5% 6.3V,"capacitor,smd",1,2,0.33uF,5%,6.3V
capacitor,capacitor_0.33uF_10_chip_capacitor_603V,C,chip_capacitor_603,Capacitor 0.33uF 5% 10V,"capacitor,smd",1,2,0.33uF,5%,10V
capacitor,capacitor_0.33uF_16_chip_capacitor_603V,C,chip_capacitor_603,Capacitor 0.33uF 5% 16V,"capacitor,smd",1,2,0.33uF,5%,16V
capacitor,capacitor_0.33uF_25_chip_capacitor_603V,C,chip_capacitor_603,Capacitor 0.33uF 5% 25V,"capacitor,smd",1,2,0.33uF,5%,25V
capacitor,capacitor_0.33uF_10_chip_capacitor_805V,C,chip_capacitor_805,Capacitor 0.33uF 5% 10V,"capacitor,smd",1,2,0.33uF,5%,10V
capacitor,capacitor_0.33uF_16_chip_capacitor_805V,C,chip_capacitor_805,Capacitor 0.33uF 5% 16V,"capacitor,smd",1,2,0.33uF,5%,16V
capacitor,capacitor_0.33uF_25_chip_capacitor_805V,C,chip_capacitor_805,Capacitor 0.33uF 5% 25V,"capacitor,smd",1,2,0.33uF,5%,25V
capacitor,capacitor_0.33uF_50_chip_capacitor_805V,C,chip_capacitor_805,Capacitor 0.33uF 5% 50V,"capacitor,smd",1,2,0.33uF,5%,50V
capacitor,capacitor_0.33uF_100_chip_capacitor_805V,C,chip_capacitor_805,Capacitor 0.33uF 5% 100V,"capacitor,smd",1,2,0.33uF,5%,100V
capacitor,capacitor_0.33uF_10_chip_capacitor_1206V,C,chip_capacitor_1206,Capacitor 0.33uF 5% 10V,"capacitor,smd",1,2,0.33uF,5%,10V
capacitor,capacitor_0.33uF_16_chip_capacitor_1206V,C,chip_capacitor_1206,Capacitor 0.33uF 5% 16V,"capacitor,smd",1,2,0.33uF,5%,16V
capacitor,capacitor_0.33uF_25_chip_capacitor_1206V,C,chip_capacitor_1206,Capacitor 0.33uF 5% 25V,"capacitor,smd",1,2,0.33uF,5%,25V
capacitor,capacitor_0.33uF_50_chip_capacitor_1206V,C,chip_capacitor_1206,Capacitor 0.33uF 5% 50V,"capacitor,smd",1,2,0.33uF,5%,50V
capacitor,capacitor_0.33uF_100_chip_capacitor_1206V,C,chip_capacitor_1206,Capacitor 0.33uF 5% 100V,"capacitor,smd",1,2,0.33uF,5%,100V
capacitor,capacitor_0.33uF_10_chip_capacitor_1210V,C,chip_capacitor_1210,Capacitor 0.33uF 5% 10V,"capacitor,smd",1,2,0.33uF,5%,10V
capacitor,capacitor_0.33uF_16_chip_capacitor_1210V,C,chip_capacitor_1210,Capacitor 0.33uF 5% 16V,"capacitor,smd",1,2,0.33uF,5%,16V
capacitor,capacitor_0.33uF_25_chip_capacitor_1210V,C,chip_capacitor_1210,Capacitor 0.33uF 5% 25V,"capacitor,smd",1,2,0.33uF,5%,25V
capacitor,capacitor_0.33uF_50_chip_capacitor_1210V,C,chip_capacitor_1210,Capacitor 0.33uF 5% 50V,"capacitor,smd",1,2,0.33uF,5%,50V
capacitor,capacitor_0.33uF_100_chip_capacitor_1210V,C,chip_capacitor_1210,Capacitor 0.33uF 5% 100V,"capacitor,smd",1,2,0.33uF,5%,100V
capacitor,capacitor_0.33uF_25_chip_capacitor_1812V,C,chip_capacitor_1812,Capacitor 0.33uF 5% 25V,"capacitor,smd",1,2,0.33uF,5%,25V
capacitor,capacitor_0.33uF_50_chip_capacitor_1812V,C,chip_capacitor_1812,Capacitor 0.33uF 5% 50V,"capacitor,smd",1,2,0.33uF,5%,50V
capacitor,capacitor_0.33uF_100_chip_capacitor_1812V,C,chip_capacitor_1812,Capacitor 0.33uF 5% 100V,"capacitor,smd",1,2,0.33uF,5%,100V
capacitor,capacitor_0.33uF_200_chip_capacitor_1812V,C,chip_capacitor_1812,Capacitor 0.33uF 5% 200V,"capacitor,smd",1,2,0.33uF,5%,200V
capacitor,capacitor_0.33uF_50_chip_capacitor_1825V,C,chip_capacitor_1825,Capacitor 0.33uF 5% 50V,"capacitor,smd",1,2,0.33uF,5%,50V
capacitor,capacitor_0.33uF_100_chip_capacitor_1825V,C,chip_capacitor_1825,Capacitor 0.33uF 5% 100V,"capacitor,smd",1,2,0.33uF,5%,100V
capacitor,capacitor_0.33uF_50_chip_capacitor_2220V,C,chip_capacitor_2220,Capacitor 0.33uF 5% 50V,"capacitor,smd",1,2,0.33uF,5%,50V
capacitor,capacitor_0.33uF_100_chip_capacitor_2220V,C,chip_capacitor_2220,Capacitor 0.33uF 5% 100V,"capacitor,smd",1,2,0.33uF,5%,100V
capacitor,capacitor_0.33uF_200_chip_capacitor_2220V,C,chip_capacitor_2220,Capacitor 0.33uF 5% 200V,"capacitor,smd",1,2,0.33uF,5%,200V
capacitor,capacitor_0.33uF_500_chip_capacitor_2220V,C,chip_capacitor_2220,Capacitor 0.33uF 5% 500V,"capacitor,smd",1,2,0.33uF,5%,500V
capacitor,capacitor_0.33uF_50_chip_capacitor_2225V,C,chip_capacitor_2225,Capacitor 0.33uF 5% 50V,"capacitor,smd",1,2,0.33uF,5%,50V
capacitor,capacitor_0.33uF_100_chip_capacitor_2225V,C,chip_capacitor_2225,Capacitor 0.33uF 5% 100V,"capacitor,smd",1,2,0.33uF,5%,100V
capacitor,capacitor_0.33uF_200_chip_capacitor_2225V,C,chip_capacitor_2225,Capacitor 0.33uF 5% 200V,"capacitor,smd",1,2,0.33uF,5%,200V
capacitor,capacitor_0.47uF_6.3_chip_capacitor_603V,C,chip_capacitor_603,Capacitor 0.47uF 5% 6.3V,"capacitor,smd",1,2,0.47uF,5%,6.3V
capacitor,capacitor_0.47uF_10_chip_capacitor_603V,C,chip_capacitor_603,Capacitor 0.47uF 5% 10V,"capacitor,smd",1,2,0.47uF,5%,10V
capacitor,capacitor_0.47uF_16_chip_capacitor_603V,C,chip_capacitor_603,Capacitor 0.47uF 5% 16V,"capacitor,smd",1,2,0.47uF,5%,16V
capacitor,capacitor_0.47uF_25_chip_capacitor_603V,C,chip_capacitor_603,Capacitor 0.47uF 5% 25V,"capacitor,smd",1,2,0.47uF,5%,25V
capacitor,capacitor_0.47uF_10_chip_capacitor_805V,C,chip_capacitor_805,Capacitor 0.47uF 5% 10V,"capacitor,smd",1,2,0.47uF,5%,10V
capacitor,capacitor_0.47uF_16_chip_capacitor_805V,C,chip_capacitor_805,Capacitor 0.47uF 5% 16V,"capacitor,smd",1,2,0.47uF,5%,16V
capacitor,capacitor_0.47uF_25_chip_capacitor_805V,C,chip_capacitor_805,Capacitor 0.47uF 5% 25V,"capacitor,smd",1,2,0.47uF,5%,25V
capacitor,capacitor_0.47uF_50_chip_capacitor_805V,C,chip_capacitor_805,Capacitor 0.47uF 5% 50V,"capacitor,smd",1,2,0.47uF,5%,50V
capacitor,capacitor_0.47uF_100_chip_capacitor_805V,C,chip_capacitor_805,Capacitor 0.47uF 5% 100V,"capacitor,smd",1,2,0.47uF,5%,100V
capacitor,capacitor_0.47uF_10_chip_capacitor_1206V,C,chip_capacitor_1206,Capacitor 0.47uF 5% 10V,"capacitor,smd",1,2,0.47uF,5%,10V
capacitor,capacitor_0.47uF_16_chip_capacitor_1206V,C,chip_capacitor_1206,Capacitor 0.47uF 5% 16V,"capacitor,smd",1,2,0.47uF,5%,16V
capacitor,capacitor_0.47uF_25_chip_capacitor_1206V,C,chip_capacitor_1206,Capacitor 0.47uF 5% 25V,"capacitor,smd",1,2,0.47uF,5%,25V
capacitor,capacitor_0.47uF_50_chip_capacitor_1206V,C,chip_capacitor_1206,Capacitor 0.47uF 5% 50V,"capacitor,smd",1,2,0.47uF,5%,50V
capacitor,capacitor_0.47uF_100_chip_capacitor_1206V,C,chip_capacitor_1206,Capacitor 0.47uF 5% 100V,"capacitor,smd",1,2,0.47uF,5%,100V
capacitor,capacitor_0.47uF_10_chip_capacitor_1210V,C,chip_capacitor_1210,Capacitor 0.47uF 5% 10V,"capacitor,smd",1,2,0.47uF,5%,10V
capacitor,capacitor_0.47uF_16_chip_capacitor_1210V,C,chip_capacitor_1210,Capacitor 0.47uF 5% 16V,"capacitor,smd",1,2,0.47uF,5%,16V
capacitor,capacitor_0.47uF_25_chip_capacitor_1210V,C,chip_capacitor_1210,Capacitor 0.47uF 5% 25V,"capacitor,smd",1,2,0.47uF,5%,25V
capacitor,capacitor_0.47uF_50_chip_capacitor_1210V,C,chip_capacitor_1210,Capacitor 0.47uF 5% 50V,"capacitor,smd",1,2,0.47uF,5%,50V
capacitor,capacitor_0.47uF_100_chip_capacitor_1210V,C,chip_capacitor_1210,Capacitor 0.47uF 5% 100V,"capacitor,smd",1,2,0.47uF,5%,100V
capacitor,capacitor_0.47uF_25_chip_capacitor_1812V,C,chip_capacitor_1812,Capacitor 0.47uF 5% 25V,"capacitor,smd",1,2,0.47uF,5%,25V
capacitor,capacitor_0.47uF_50_chip_capacitor_1812V,C,chip_capacitor_1812,Capacitor 0.47uF 5% 50V,"capacitor,smd",1,2,0.47uF,5%,50V
capacitor,capacitor_0.47uF_100_chip_capacitor_1812V,C,chip_capacitor_1812,Capacitor 0.47uF 5% 100V,"capacitor,smd",1,2,0.47uF,5%,100V
capacitor,capacitor_0.47uF_50_chip_capacitor_1825V,C,chip_capacitor_1825,Capacitor 0.47uF 5% 50V,"capacitor,smd",1,2,0.47uF,5%,50V
capacitor,capacitor_0.47uF_100_chip_capacitor_1825V,C,chip_capacitor_1825,Capacitor 0.47uF 5% 100V,"capacitor,smd",1,2,0.47uF,5%,100V
capacitor,capacitor_0.47uF_50_chip_capacitor_2220V,C,chip_capacitor_2220,Capacitor 0.47uF 5% 50V,"capacitor,smd",1,2,0.47uF,5%,50V
capacitor,capacitor_0.47uF_100_chip_capacitor_2220V,C,chip_capacitor_2220,Capacitor 0.47uF 5% 100V,"capacitor,smd",1,2,0.47uF,5%,100V
capacitor,capacitor_0.47uF_200_chip_capacitor_2220V,C,chip_capacitor_2220,Capacitor 0.47uF 5% 200V,"capacitor,smd",1,2,0.47uF,5%,200V
capacitor,capacitor_0.47uF_500_chip_capacitor_2220V,C,chip_capacitor_2220,Capacitor 0.47uF 5% 500V,"capacitor,smd",1,2,0.47uF,5%,500V
capacitor,capacitor_0.47uF_50_chip_capacitor_2225V,C,chip_capacitor_2225,Capacitor 0.47uF 5% 50V,"capacitor,smd",1,2,0.47uF,5%,50V
capacitor,capacitor_0.47uF_100_chip_capacitor_2225V,C,chip_capacitor_2225,Capacitor 0.47uF 5% 100V,"capacitor,smd",1,2,0.47uF,5%,100V
capacitor,capacitor_0.47uF_200_chip_capacitor_2225V,C,chip_capacitor_2225,Capacitor 0.47uF 5% 200V,"capacitor,smd",1,2,0.47uF,5%,200V
capacitor,capacitor_0.68uF_6.3_chip_capacitor_603V,C,chip_capacitor_603,Capacitor 0.68uF 5% 6.3V,"capacitor,smd",1,2,0.68uF,5%,6.3V
capacitor,capacitor_0.68uF_10_chip_capacitor_603V,C,chip_capacitor_603,Capacitor 0.68uF 5% 10V,"capacitor,smd",1,2,0.68uF,5%,10V
capacitor,capacitor_0.68uF_16_chip_capacitor_603V,C,chip_capacitor_603,Capacitor 0.68uF 5% 16V,"capacitor,smd",1,2,0.68uF,5%,16V
capacitor,capacitor_0.68uF_10_chip_capacitor_805V,C,chip_capacitor_805,Capacitor 0.68uF 5% 10V,"capacitor,smd",1,2,0.68uF,5%,10V
capacitor,capacitor_0.68uF_16_chip_capacitor_805V,C,chip_capacitor_805,Capacitor 0.68uF 5% 16V,"capacitor,smd",1,2,0.68uF,5%,16V
capacitor,capacitor_0.68uF_25_chip_capacitor_805V,C,chip_capacitor_805,Capacitor 0.68uF 5% 25V,"capacitor,smd",1,2,0.68uF,5%,25V
capacitor,capacitor_0.68uF_10_chip_capacitor_1206V,C,chip_capacitor_1206,Capacitor 0.68uF 5% 10V,"capacitor,smd",1,2,0.68uF,5%,10V
capacitor,capacitor_0.68uF_16_chip_capacitor_1206V,C,chip_capacitor_1206,Capacitor 0.68uF 5% 16V,"capacitor,smd",1,2,0.68uF,5%,16V
capacitor,capacitor_0.68uF_25_chip_capacitor_1206V,C,chip_capacitor_1206,Capacitor 0.68uF 5% 25V,"capacitor,smd",1,2,0.68uF,5%,25V
capacitor,capacitor_0.68uF_50_chip_capacitor_1206V,C,chip_capacitor_1206,Capacitor 0.68uF 5% 50V,"capacitor,smd",1,2,0.68uF,5%,50V
capacitor,capacitor_0.68uF_100_chip_capacitor_1206V,C,chip_capacitor_1206,Capacitor 0.68uF 5% 100V,"capacitor,smd",1,2,0.68uF,5%,100V
capacitor,capacitor_0.68uF_10_chip_capacitor_1210V,C,chip_capacitor_1210,Capacitor 0.68uF 5% 10V,"capacitor,smd",1,2,0.68uF,5%,10V
capacitor,capacitor_0.68uF_16_chip_capacitor_1210V,C,chip_capacitor_1210,Capacitor 0.68uF 5% 16V,"capacitor,smd",1,2,0.68uF,5%,16V
capacitor,capacitor_0.68uF_25_chip_capacitor_1210V,C,chip_capacitor_1210,Capacitor 0.68uF 5% 25V,"capacitor,smd",1,2,0.68uF,5%,25V
capacitor,capacitor_0.68uF_50_chip_capacitor_1210V,C,chip_capacitor_1210,Capacitor 0.68uF 5% 50V,"capacitor,smd",1,2,0.68uF,5%,50V
capacitor,capacitor_0.68uF_100_chip_capacitor_1210V,C,chip_capacitor_1210,Capacitor 0.68uF 5% 100V,"capacitor,smd",1,2,0.68uF,5%,100V
capacitor,capacitor_0.68uF_25_chip_capacitor_1812V,C,chip_capacitor_1812,Capacitor 0.68uF 5% 25V,"capacitor,smd",1,2,0.68uF,5%,25V
capacitor,capacitor_0.68uF_50_chip_capacitor_1812V,C,chip_capacitor_1812,Capacitor 0.68uF 5% 50V,"capacitor,smd",1,2,0.68uF,5%,50V
capacitor,capacitor_0.68uF_100_chip_capacitor_1812V,C,chip_capacitor_1812,Capacitor 0.68uF 5% 100V,"capacitor,smd",1,2,0.68uF,5%,100V
capacitor,capacitor_0.68uF_50_chip_capacitor_1825V,C,chip_capacitor_1825,Capacitor 0.68uF 5% 50V,"capacitor,smd",1,2,0.68uF,5%,50V
capacitor,capacitor_0.68uF_100_chip_capacitor_1825V,C,chip_capacitor_1825,Capacitor 0.68uF 5% 100V,"capacitor,smd",1,2,0.68uF,5%,100V
capacitor,capacitor_0.68uF_50_chip_capacitor_2220V,C,chip_capacitor_2220,Capacitor 0.68uF 5% 50V,"capacitor,smd",1,2,0.68uF,5%,50V
capacitor,capacitor_0.68uF_100_chip_capacitor_2220V,C,chip_capacitor_2220,Capacitor 0.68uF 5% 100V,"capacitor,smd",1,2,0.68uF,5%,100V
capacitor,capacitor_0.68uF_50_chip_capacitor_2225V,C,chip_capacitor_2225,Capacitor 0.68uF 5% 50V,"capacitor,smd",1,2,0.68uF,5%,50V
capacitor,capacitor_0.68uF_100_chip_capacitor_2225V,C,chip_capacitor_2225,Capacitor 0.68uF 5% 100V,"capacitor,smd",1,2,0.68uF,5%,100V
capacitor,capacitor_0.68uF_200_chip_capacitor_2225V,C,chip_capacitor_2225,Capacitor 0.68uF 5% 200V,"capacitor,smd",1,2,0.68uF,5%,200V
capacitor,capacitor_1.0uF_6.3_chip_capacitor_402V,C,chip_capacitor_402,Capacitor 1.0uF 5% 6.3V,"capacitor,smd",1,2,1.0uF,5%,6.3V
capacitor,capacitor_1.0uF_6.3_chip_capacitor_603V,C,chip_capacitor_603,Capacitor 1.0uF 5% 6.3V,"capacitor,smd",1,2,1.0uF,5%,6.3V
capacitor,capacitor_1.0uF_10_chip_capacitor_603V,C,chip_capacitor_603,Capacitor 1.0uF 5% 10V,"capacitor,smd",1,2,1.0uF,5%,10V
capacitor,capacitor_1.0uF_16_chip_capacitor_603V,C,chip_capacitor_603,Capacitor 1.0uF 5% 16V,"capacitor,smd",1,2,1.0uF,5%,16V
capacitor,capacitor_1.0uF_25_chip_capacitor_603V,C,chip_capacitor_603,Capacitor 1.0uF 5% 25V,"capacitor,smd",1,2,1.0uF,5%,25V
capacitor,capacitor_1.0uF_10_chip_capacitor_805V,C,chip_capacitor_805,Capacitor 1.0uF 5% 10V,"capacitor,smd",1,2,1.0uF,5%,10V
capacitor,capacitor_1.0uF_16_chip_capacitor_805V,C,chip_capacitor_805,Capacitor 1.0uF 5% 16V,"capacitor,smd",1,2,1.0uF,5%,16V
capacitor,capacitor_1.0uF_25_chip_capacitor_805V,C,chip_capacitor_805,Capacitor 1.0uF 5% 25V,"capacitor,smd",1,2,1.0uF,5%,25V
capacitor,capacitor_1.0uF_50_chip_capacitor_805V,C,chip_capacitor_805,Capacitor 1.0uF 5% 50V,"capacitor,smd",1,2,1.0uF,5%,50V
capacitor,capacitor_1.0uF_10_chip_capacitor_1206V,C,chip_capacitor_1206,Capacitor 1.0uF 5% 10V,"capacitor,smd",1,2,1.0uF,5%,10V
capacitor,capacitor_1.0uF_16_chip_capacitor_1206V,C,chip_capacitor_1206,Capacitor 1.0uF 5% 16V,"capacitor,smd",1,2,1.0uF,5%,16V
capacitor,capacitor_1.0uF_25_chip_capacitor_1206V,C,chip_capacitor_1206,Capacitor 1.0uF 5% 25V,"capacitor,smd",1,2,1.0uF,5%,25V
capacitor,capacitor_1.0uF_50_chip_capacitor_1206V,C,chip_capacitor_1206,Capacitor 1.0uF 5% 50V,"capacitor,smd",1,2,1.0uF,5%,50V
capacitor,capacitor_1.0uF_100_chip_capacitor_1206V,C,chip_capacitor_1206,Capacitor 1.0uF 5% 100V,"capacitor,smd",1,2,1.0uF,5%,100V
capacitor,capacitor_1.0uF_10_chip_capacitor_1210V,C,chip_capacitor_1210,Capacitor 1.0uF 5% 10V,"capacitor,smd",1,2,1.0uF,5%,10V
capacitor,capacitor_1.0uF_16_chip_capacitor_1210V,C,chip_capacitor_1210,Capacitor 1.0uF 5% 16V,"capacitor,smd",1,2,1.0uF,5%,16V
capacitor,capacitor_1.0uF_25_chip_capacitor_1210V,C,chip_capacitor_1210,Capacitor 1.0uF 5% 25V,"capacitor,smd",1,2,1.0uF,5%,25V
capacitor,capacitor_1.0uF_50_chip_capacitor_1210V,C,chip_capacitor_1210,Capacitor 1.0uF 5% 50V,"capacitor,smd",1,2,1.0uF,5%,50V
capacitor,capacitor_1.0uF_100_chip_capacitor_1210V,C,chip_capacitor_1210,Capacitor 1.0uF 5% 100V,"capacitor,smd",1,2,1.0uF,5%,100V
capacitor,capacitor_1.0uF_25_chip_capacitor_1812V,C,chip_capacitor_1812,Capacitor 1.0uF 5% 25V,"capacitor,smd",1,2,1.0uF,5%,25V
capacitor,capacitor_1.0uF_50_chip_capacitor_1812V,C,chip_capacitor_1812,Capacitor 1.0uF 5% 50V,"capacitor,smd",1,2,1.0uF,5%,50V
capacitor,capacitor_1.0uF_100_chip_capacitor_1812V,C,chip_capacitor_1812,Capacitor 1.0uF 5% 100V,"capacitor,smd",1,2,1.0uF,5%,100V
capacitor,capacitor_1.0uF_200_chip_capacitor_1812V,C,chip_capacitor_1812,Capacitor 1.0uF 5% 200V,"capacitor,smd",1,2,1.0uF,5%,200V
capacitor,capacitor_1.0uF_50_chip_capacitor_1825V,C,chip_capacitor_1825,Capacitor 1.0uF 5% 50V,"capacitor,smd",1,2,1.0uF,5%,50V
capacitor,capacitor_1.0uF_100_chip_capacitor_1825V,C,chip_capacitor_1825,Capacitor 1.0uF 5% 100V,"capacitor,smd",1,2,1.0uF,5%,100V
capacitor,capacitor_1.0uF_50_chip_capacitor_2220V,C,chip_capacitor_2220,Capacitor 1.0uF 5% 50V,"capacitor,smd",1,2,1.0uF,5%,50V
capacitor,capacitor_1.0uF_100_chip_capacitor_2220V,C,chip_capacitor_2220,Capacitor 1.0uF 5% 100V,"capacitor,smd",1,2,1.0uF,5%,100V
capacitor,capacitor_1.0uF_50_chip_capacitor_2225V,C,chip_capacitor_2225,Capacitor 1.0uF 5% 50V,"capacitor,smd",1,2,1.0uF,5%,50V
capacitor,capacitor_1.0uF_100_chip_capacitor_2225V,C,chip_capacitor_2225,Capacitor 1.0uF 5% 100V,"capacitor,smd",1,2,1.0uF,5%,100V
capacitor,capacitor_1.0uF_200_chip_capacitor_2225V,C,chip_capacitor_2225,Capacitor 1.0uF 5% 200V,"capacitor,smd",1,2,1.0uF,5%,200V
capacitor,capacitor_2.2uF_6.3_chip_capacitor_603V,C,chip_capacitor_603,Capacitor 2.2uF 5% 6.3V,"capacitor,smd",1,2,2.2uF,5%,6.3V
capacitor,capacitor_2.2uF_10_chip_capacitor_603V,C,chip_capacitor_603,Capacitor 2.2uF 5% 10V,"capacitor,smd",1,2,2.2uF,5%,10V
capacitor,capacitor_2.2uF_10_chip_capacitor_805V,C,chip_capacitor_805,Capacitor 2.2uF 5% 10V,"capacitor,smd",1,2,2.2uF,5%,10V
capacitor,capacitor_2.2uF_16_chip_capacitor_805V,C,chip_capacitor_805,Capacitor 2.2uF 5% 16V,"capacitor,smd",1,2,2.2uF,5%,16V
capacitor,capacitor_2.2uF_25_chip_capacitor_805V,C,chip_capacitor_805,Capacitor 2.2uF 5% 25V,"capacitor,smd",1,2,2.2uF,5%,25V
capacitor,capacitor_2.2uF_50_chip_capacitor_805V,C,chip_capacitor_805,Capacitor 2.2uF 5% 50V,"capacitor,smd",1,2,2.2uF,5%,50V
capacitor,capacitor_2.2uF_10_chip_capacitor_1206V,C,chip_capacitor_1206,Capacitor 2.2uF 5% 10V,"capacitor,smd",1,2,2.2uF,5%,10V
capacitor,capacitor_2.2uF_16_chip_capacitor_1206V,C,chip_capacitor_1206,Capacitor 2.2uF 5% 16V,"capacitor,smd",1,2,2.2uF,5%,16V
capacitor,capacitor_2.2uF_25_chip_capacitor_1206V,C,chip_capacitor_1206,Capacitor 2.2uF 5% 25V,"capacitor,smd",1,2,2.2uF,5%,25V
capacitor,capacitor_2.2uF_50_chip_capacitor_1206V,C,chip_capacitor_1206,Capacitor 2.2uF 5% 50V,"capacitor,smd",1,2,2.2uF,5%,50V
capacitor,capacitor_2.2uF_100_chip_capacitor_1206V,C,chip_capacitor_1206,Capacitor 2.2uF 5% 100V,"capacitor,smd",1,2,2.2uF,5%,100V
capacitor,capacitor_2.2uF_10_chip_capacitor_1210V,C,chip_capacitor_1210,Capacitor 2.2uF 5% 10V,"capacitor,smd",1,2,2.2uF,5%,10V
capacitor,capacitor_2.2uF_16_chip_capacitor_1210V,C,chip_capacitor_1210,Capacitor 2.2uF 5% 16V,"capacitor,smd",1,2,2.2uF,5%,16V
capacitor,capacitor_2.2uF_25_chip_capacitor_1210V,C,chip_capacitor_1210,Capacitor 2.2uF 5% 25V,"capacitor,smd",1,2,2.2uF,5%,25V
capacitor,capacitor_2.2uF_50_chip_capacitor_1210V,C,chip_capacitor_1210,Capacitor 2.2uF 5% 50V,"capacitor,smd",1,2,2.2uF,5%,50V
capacitor,capacitor_2.2uF_100_chip_capacitor_1210V,C,chip_capacitor_1210,Capacitor 2.2uF 5% 100V,"capacitor,smd",1,2,2.2uF,5%,100V
capacitor,capacitor_2.2uF_25_chip_capacitor_1812V,C,chip_capacitor_1812,Capacitor 2.2uF 5% 25V,"capacitor,smd",1,2,2.2uF,5%,25V
capacitor,capacitor_2.2uF_50_chip_capacitor_1812V,C,chip_capacitor_1812,Capacitor 2.2uF 5% 50V,"capacitor,smd",1,2,2.2uF,5%,50V
capacitor,capacitor_2.2uF_100_chip_capacitor_1812V,C,chip_capacitor_1812,Capacitor 2.2uF 5% 100V,"capacitor,smd",1,2,2.2uF,5%,100V
capacitor,capacitor_2.2uF_50_chip_capacitor_1825V,C,chip_capacitor_1825,Capacitor 2.2uF 5% 50V,"capacitor,smd",1,2,2.2uF,5%,50V
capacitor,capacitor_2.2uF_50_chip_capacitor_2220V,C,chip_capacitor_2220,Capacitor 2.2uF 5% 50V,"capacitor,smd",1,2,2.2uF,5%,50V
capacitor,capacitor_2.2uF_100_chip_capacitor_2220V,C,chip_capacitor_2220,Capacitor 2.2uF 5% 100V,"capacitor,smd",1,2,2.2uF,5%,100V
capacitor,capacitor_2.2uF_50_chip_capacitor_2225V,C,chip_capacitor_2225,Capacitor 2.2uF 5% 50V,"capacitor,smd",1,2,2.2uF,5%,50V
capacitor,capacitor_2.2uF_100_chip_capacitor_2225V,C,chip_capacitor_2225,Capacitor 2.2uF 5% 100V,"capacitor,smd",1,2,2.2uF,5%,100V
capacitor,capacitor_4.7uF_10_chip_capacitor_805V,C,chip_capacitor_805,Capacitor 4.7uF 5% 10V,"capacitor,smd",1,2,4.7uF,5%,10V
capacitor,capacitor_4.7uF_16_chip_capacitor_805V,C,chip_capacitor_805,Capacitor 4.7uF 5% 16V,"capacitor,smd",1,2,4.7uF,5%,16V
capacitor,capacitor_4.7uF_25_chip_capacitor_805V,C,chip_capacitor_805,Capacitor 4.7uF 5% 25V,"capacitor,smd",1,2,4.7uF,5%,25V
capacitor,capacitor_4.7uF_10_chip_capacitor_1206V,C,chip_capacitor_1206,Capacitor 4.7uF 5% 10V,"capacitor,smd",1,2,4.7uF,5%,10V
capacitor,capacitor_4.7uF_16_chip_capacitor_1206V,C,chip_capacitor_1206,Capacitor 4.7uF 5% 16V,"capacitor,smd",1,2,4.7uF,5%,16V
capacitor,capacitor_4.7uF_25_chip_capacitor_1206V,C,chip_capacitor_1206,Capacitor 4.7uF 5% 25V,"capacitor,smd",1,2,4.7uF,5%,25V
capacitor,capacitor_4.7uF_50_chip_capacitor_1206V,C,chip_capacitor_1206,Capacitor 4.7uF 5% 50V,"capacitor,smd",1,2,4.7uF,5%,50V
capacitor,capacitor_4.7uF_10_chip_capacitor_1210V,C,chip_capacitor_1210,Capacitor 4.7uF 5% 10V,"capacitor,smd",1,2,4.7uF,5%,10V
capacitor,capacitor_4.7uF_16_chip_capacitor_1210V,C,chip_capacitor_1210,Capacitor 4.7uF 5% 16V,"capacitor,smd",1,2,4.7uF,5%,16V
capacitor,capacitor_4.7uF_25_chip_capacitor_1210V,C,chip_capacitor_1210,Capacitor 4.7uF 5% 25V,"capacitor,smd",1,2,4.7uF,5%,25V
capacitor,capacitor_4.7uF_50_chip_capacitor_1210V,C,chip_capacitor_1210,Capacitor 4.7uF 5% 50V,"capacitor,smd",1,2,4.7uF,5%,50V
capacitor,capacitor_4.7uF_100_chip_capacitor_1210V,C,chip_capacitor_1210,Capacitor 4.7uF 5% 100V,"capacitor,smd",1,2,4.7uF,5%,100V
capacitor,capacitor_4.7uF_25_chip_capacitor_1812V,C,chip_capacitor_1812,Capacitor 4.7uF 5% 25V,"capacitor,smd",1,2,4.7uF,5%,25V
capacitor,capacitor_4.7uF_50_chip_capacitor_1812V,C,chip_capacitor_1812,Capacitor 4.7uF 5% 50V,"capacitor,smd",1,2,4.7uF,5%,50V
capacitor,capacitor_4.7uF_100_chip_capacitor_1812V,C,chip_capacitor_1812,Capacitor 4.7uF 5% 100V,"capacitor,smd",1,2,4.7uF,5%,100V
capacitor,capacitor_4.7uF_50_chip_capacitor_2220V,C,chip_capacitor_2220,Capacitor 4.7uF 5% 50V,"capacitor,smd",1,2,4.7uF,5%,50V
capacitor,capacitor_4.7uF_100_chip_capacitor_2220V,C,chip_capacitor_2220,Capacitor 4.7uF 5% 100V,"capacitor,smd",1,2,4.7uF,5%,100V
capacitor,capacitor_4.7uF_50_chip_capacitor_2225V,C,chip_capacitor_2225,Capacitor 4.7uF 5% 50V,"capacitor,smd",1,2,4.7uF,5%,50V
capacitor,capacitor_4.7uF_100_chip_capacitor_2225V,C,chip_capacitor_2225,Capacitor 4.7uF 5% 100V,"capacitor,smd",1,2,4.7uF,5%,100V
capacitor,capacitor_10uF_6.3_chip_capacitor_805V,C,chip_capacitor_805,Capacitor 10uF 5% 6.3V,"capacitor,smd",1,2,10uF,5%,6.3V
capacitor,capacitor_10uF_10_chip_capacitor_805V,C,chip_capacitor_805,Capacitor 10uF 5% 10V,"capacitor,smd",1,2,10uF,5%,10V
capacitor,capacitor_10uF_10_chip_capacitor_1206V,C,chip_capacitor_1206,Capacitor 10uF 5% 10V,"capacitor,smd",1,2,10uF,5%,10V
capacitor,capacitor_10uF_16_chip_capacitor_1206V,C,chip_capacitor_1206,Capacitor 10uF 5% 16V,"capacitor,smd",1,2,10uF,5%,16V
capacitor,capacitor_10uF_25_chip_capacitor_1206V,C,chip_capacitor_1206,Capacitor 10uF 5% 25V,"capacitor,smd",1,2,10uF,5%,25V
capacitor,capacitor_10uF_10_chip_capacitor_1210V,C,chip_capacitor_1210,Capacitor 10uF 5% 10V,"capacitor,smd",1,2,10uF,5%,10V
capacitor,capacitor_10uF_16_chip_capacitor_1210V,C,chip_capacitor_1210,Capacitor 10uF 5% 16V,"capacitor,smd",1,2,10uF,5%,16V
capacitor,capacitor_10uF_25_chip_capacitor_1210V,C,chip_capacitor_1210,Capacitor 10uF 5% 25V,"capacitor,smd",1,2,10uF,5%,25V
capacitor,capacitor_10uF_50_chip_capacitor_1210V,C,chip_capacitor_1210,Capacitor 10uF 5% 50V,"capacitor,smd",1,2,10uF,5%,50V
capacitor,capacitor_10uF_16_chip_capacitor_1812V,C,chip_capacitor_1812,Capacitor 10uF 5% 16V,"capacitor,smd",1,2,10uF,5%,16V
capacitor,capacitor_10uF_25_chip_capacitor_1812V,C,chip_capacitor_1812,Capacitor 10uF 5% 25V,"capacitor,smd",1,2,10uF,5%,25V
capacitor,capacitor_10uF_50_chip_capacitor_1812V,C,chip_capacitor_1812,Capacitor 10uF 5% 50V,"capacitor,smd",1,2,10uF,5%,50V
capacitor,capacitor_10uF_25_chip_capacitor_2220V,C,chip_capacitor_2220,Capacitor 10uF 5% 25V,"capacitor,smd",1,2,10uF,5%,25V
capacitor,capacitor_10uF_50_chip_capacitor_2220V,C,chip_capacitor_2220,Capacitor 10uF 5% 50V,"capacitor,smd",1,2,10uF,5%,50V
capacitor,capacitor_22uF_6.3_chip_capacitor_1206V,C,chip_capacitor_1206,Capacitor 22uF 5% 6.3V,"capacitor,smd",1,2,22uF,5%,6.3V
capacitor,capacitor_22uF_10_chip_capacitor_1206V,C,chip_capacitor_1206,Capacitor 22uF 5% 10V,"capacitor,smd",1,2,22uF,5%,10V
capacitor,capacitor_22uF_10_chip_capacitor_1210V,C,chip_capacitor_1210,Capacitor 22uF 5% 10V,"capacitor,smd",1,2,22uF,5%,10V
capacitor,capacitor_22uF_16_chip_capacitor_1210V,C,chip_capacitor_1210,Capacitor 22uF 5% 16V,"capacitor,smd",1,2,22uF,5%,16V
capacitor,capacitor_22uF_25_chip_capacitor_1210V,C,chip_capacitor_1210,Capacitor 22uF 5% 25V,"capacitor,smd",1,2,22uF,5%,25V
capacitor,capacitor_22uF_50_chip_capacitor_1210V,C,chip_capacitor_1210,Capacitor 22uF 5% 50V,"capacitor,smd",1,2,22uF,5%,50V
capacitor,capacitor_22uF_16_chip_capacitor_1812V,C,chip_capacitor_1812,Capacitor 22uF 5% 16V,"capacitor,smd",1,2,22uF,5%,16V
capacitor,capacitor_22uF_25_chip_capacitor_1812V,C,chip_capacitor_1812,Capacitor 22uF 5% 25V,"capacitor,smd",1,2,22uF,5%,25V
capacitor,capacitor_22uF_25_chip_capacitor_2220V,C,chip_capacitor_2220,Capacitor 22uF 5% 25V,"capacitor,smd",1,2,22uF,5%,25V
capacitor,capacitor_22uF_50_chip_capacitor_2220V,C,chip_capacitor_2220,Capacitor 22uF 5% 50V,"capacitor,smd",1,2,22uF,5%,50V
capacitor,capacitor_47uF_10_chip_capacitor_1210V,C,chip_capacitor_1210,Capacitor 47uF 5% 10V,"capacitor,smd",1,2,47uF,5%,10V
capacitor,capacitor_47uF_16_chip_capacitor_1210V,C,chip_capacitor_1210,Capacitor 47uF 5% 16V,"capacitor,smd",1,2,47uF,5%,16V
capacitor,capacitor_47uF_25_chip_capacitor_1210V,C,chip_capacitor_1210,Capacitor 47uF 5% 25V,"capacitor,smd",1,2,47uF,5%,25V
capacitor,capacitor_47uF_50_chip_capacitor_1210V,C,chip_capacitor_1210,Capacitor 47uF 5% 50V,"capacitor,smd",1,2,47uF,5%,50V
capacitor,capacitor_47uF_500_chip_capacitor_1210V,C,chip_capacitor_1210,Capacitor 47uF 5% 500V,"capacitor,smd",1,2,47uF,5%,500V
capacitor,capacitor_47uF_25_chip_capacitor_2220V,C,chip_capacitor_2220,Capacitor 47uF 5% 25V,"capacitor,smd",1,2,47uF,5%,25V
capacitor,capacitor_47uF_50_chip_capacitor_2220V,C,chip_capacitor_2220,Capacitor 47uF 5% 50V,"capacitor,smd",1,2,47uF,5%,50V
capacitor,capacitor_100uF_10_chip_capacitor_1210V,C,chip_capacitor_1210,Capacitor 100uF 5% 10V,"capacitor,smd",1,2,100uF,5%,10V
capacitor,capacitor_100uF_16_chip_capacitor_1210V,C,chip_capacitor_1210,Capacitor 100uF 5% 16V,"capacitor,smd",1,2,100uF,5%,16V
capacitor,capacitor_100uF_25_chip_capacitor_1210V,C,chip_capacitor_1210,Capacitor 100uF 5% 25V,"capacitor,smd",1,2,100uF,5%,25V
capacitor,capacitor_100uF_200_chip_capacitor_1825V,C,chip_capacitor_1825,Capacitor 100uF 5% 200V,"capacitor,smd",1,2,100uF,5%,200V
capacitor,capacitor__10_chip_capacitor_1210V,C,chip_capacitor_1210,Capacitor  5% 10V,"capacitor,smd",1,2,,5%,10V
